a,b,c,d,e,f,g,v,l,wgs84lng,wgs84lat,wgs84lng1,wgs84lat1,marslng,marslat,marslng1,marslat1
26gA64,2018-02-05T04:00:02,114.1864928,30.56577717,2018-02-05T04:02:12,114.1914225,30.563655,528,1,114.1809568,30.56818428,114.1859003,30.56607161,114.1864928,30.56577717,114.1914225,30.563655
05JolL,2018-02-05T04:00:10,114.309791,30.57465397,2018-02-05T04:02:21,114.2995541,30.57831188,1061,1,114.3043416,30.57706274,114.2941183,30.58073671,114.309791,30.57465397,114.2995541,30.57831188
0yakZP,2018-02-05T04:00:12,114.2576002,30.57911774,2018-02-05T04:01:40,114.3949906,30.5139656,15020,1,114.2521869,30.58158475,114.3894484,30.51626991,114.2576002,30.57911774,114.3949906,30.5139656
3G0JwL,2018-02-05T04:00:31,114.3519598,30.60399989,2018-02-05T04:02:41,114.3533329,30.60400704,131,1,114.3464416,30.60631927,114.3478128,30.60632411,114.3519598,30.60399989,114.3533329,30.60400704
0582Jr,2018-02-05T04:00:34,114.3352954,30.60642464,2018-02-05T16:01:48,114.340843,30.60417552,7209900,1,114.3298026,30.60877323,114.3353415,30.60651461,114.3352954,30.60642464,114.340843,30.60417552
3Gmwkq,2018-02-05T04:00:34,114.229546,30.6102375,2018-02-05T04:02:45,114.2285392,30.60992169,103,1,114.2241039,30.61268609,114.2230955,30.61236965,114.229546,30.6102375,114.2285392,30.60992169
25brB6,2018-02-05T04:00:35,114.3039456,30.61023651,2018-02-05T04:02:53,114.3064693,30.61802431,899,1,114.2985013,30.61264171,114.3010209,30.62042202,114.3039456,30.61023651,114.3064693,30.61802431
3nRRra,2018-02-05T04:00:44,114.1868393,30.62236527,2018-02-05T04:02:53,114.1883002,30.61947223,351,1,114.1812993,30.62475108,114.1827646,30.62186185,114.1868393,30.62236527,114.1883002,30.61947223
26Nmp6,2018-02-05T04:00:49,114.1939844,30.626658,2018-02-05T04:02:58,114.1927596,30.62652352,118,1,114.1884636,30.62905454,114.1872356,30.62891802,114.1939844,30.626658,114.1927596,30.62652352
0nO0PP,2018-02-05T04:00:55,114.3932679,30.63576148,2018-02-05T04:03:04,114.3920425,30.63354715,273,1,114.3877149,30.63802147,114.3864897,30.63580859,114.3932679,30.63576148,114.3920425,30.63354715
25LAnG,2018-02-05T04:00:59,114.3291922,30.64559155,2018-02-05T04:03:09,114.3296112,30.64214155,386,1,114.323706,30.64793543,114.3241246,30.64448612,114.3291922,30.64559155,114.3296112,30.64214155
3nlY6p,2018-02-05T04:01:19,114.2807369,30.47556112,2018-02-05T04:03:31,114.2804572,30.47785027,256,1,114.2753281,30.47804491,114.2750484,30.48033375,114.2807369,30.47556112,114.2804572,30.47785027
0n425x,2018-02-05T04:01:36,114.390354,30.50809285,2018-02-05T04:03:47,114.3929456,30.50721333,267,1,114.3848123,30.51040089,114.3874038,30.50952045,114.390354,30.50809285,114.3929456,30.50721333
04EP0O,2018-02-05T04:01:39,114.2314118,30.51424278,2018-02-05T04:03:51,114.2307375,30.51781648,403,1,114.2259808,30.51672695,114.2253052,30.52029907,114.2314118,30.51424278,114.2307375,30.51781648
0n4N0D,2018-02-05T04:01:39,114.2450937,30.51258449,2018-02-05T04:03:50,114.2420254,30.51367172,318,1,114.2396788,30.515075,114.2366075,30.51616119,114.2450937,30.51258449,114.2420254,30.51367172
0nb6VL,2018-02-05T04:01:47,114.3942684,30.52370445,2018-02-05T04:03:58,114.392789,30.52440711,162,1,114.3887253,30.52600594,114.3872457,30.52670894,114.3942684,30.52370445,114.392789,30.52440711
0n0lgx,2018-02-05T04:01:50,114.4032142,30.52823039,2018-02-05T04:04:01,114.4128375,30.52899554,926,1,114.3976734,30.53052902,114.407304,30.53129634,114.4032142,30.52823039,114.4128375,30.52899554
37elXD,2018-02-05T04:01:52,114.1839206,30.5314374,2018-02-05T04:04:05,114.1837813,30.53502221,399,1,114.1783803,30.53385164,114.1782403,30.53743502,114.1839206,30.5314374,114.1837813,30.53502221
07e5p7,2018-02-05T04:01:54,114.2286865,30.5335329,2018-02-05T04:04:03,114.2312036,30.53218089,284,1,114.2232497,30.53600894,114.2257707,30.5346592,114.2286865,30.5335329,114.2312036,30.53218089
3npl6l,2018-02-05T04:01:58,114.3145137,30.53762562,2018-02-05T04:04:05,114.3171999,30.53344619,531,1,114.3090604,30.54003882,114.3117428,30.53585579,114.3145137,30.53762562,114.3171999,30.53344619
3nXJXE,2018-02-05T04:02:00,114.3359727,30.54175598,2018-02-05T04:04:09,114.3351906,30.54080691,129,1,114.3304845,30.54412712,114.3297037,30.54317985,114.3359727,30.54175598,114.3351906,30.54080691
0nl7VP,2018-02-05T04:02:04,114.3331659,30.54793762,2018-02-05T04:04:14,114.3401577,30.54754382,671,1,114.3276817,30.55031198,114.3346622,30.54990514,114.3331659,30.54793762,114.3401577,30.54754382
07oezO,2018-02-05T04:02:08,114.3142127,30.55272167,2018-02-05T04:04:18,114.3158158,30.55294442,155,1,114.3087585,30.55513029,114.3103591,30.55535,114.3142127,30.55272167,114.3158158,30.55294442
37elmD,2018-02-05T04:02:09,114.2260671,30.55457073,2018-02-05T04:04:20,114.2172467,30.55675264,879,1,114.2206242,30.55703749,114.2117873,30.55920977,114.2260671,30.55457073,114.2172467,30.55675264
27e28v,2018-02-05T04:02:12,114.35083,30.55983644,2018-02-05T12:05:56,114.3477704,30.55616103,503,1,114.3453173,30.56217435,114.3422625,30.55850556,114.35083,30.55983644,114.3477704,30.55616103
3Qaeb7,2018-02-05T04:02:12,114.2956786,30.55892728,2018-02-05T04:04:21,114.2952737,30.55774333,137,1,114.2902491,30.56136521,114.2898448,30.56018229,114.2956786,30.55892728,114.2952737,30.55774333
37e2rg,2018-02-05T04:02:21,114.279859,30.57586922,2018-02-05T04:04:32,114.2799013,30.57483214,115,1,114.2744422,30.57832178,114.2744845,30.57728503,114.279859,30.57586922,114.2799013,30.57483214
0yakzP,2018-02-05T04:02:23,114.3949906,30.5139656,2018-02-05T04:58:18,114.2576002,30.57911774,15020,1,114.3894484,30.51626991,114.2521869,30.58158475,114.3949906,30.5139656,114.2576002,30.57911774
37eKVq,2018-02-05T04:02:23,114.2540409,30.58007571,2018-02-05T04:04:35,114.256274,30.58081816,229,1,114.2486261,30.5825432,114.2508601,30.5832849,114.2540409,30.58007571,114.256274,30.58081816
3nbd67,2018-02-05T04:02:24,114.2556371,30.58113366,2018-02-05T04:04:35,114.2581199,30.58150373,241,1,114.2502229,30.58360044,114.2527065,30.58396969,114.2556371,30.58113366,114.2581199,30.58150373
26lPOn,2018-02-05T04:02:26,114.3619522,30.58392615,2018-02-05T04:04:41,114.3595849,30.58943267,653,1,114.3564229,30.58623746,114.3540579,30.59174543,114.3619522,30.58392615,114.3595849,30.58943267
0nlDl7,2018-02-05T04:02:28,114.3381661,30.58600846,2018-02-05T04:04:41,114.3369595,30.58840168,290,1,114.3326705,30.58835959,114.3314656,30.59075417,114.3381661,30.58600846,114.3369595,30.58840168
37elVE,2018-02-05T04:02:31,114.2403163,30.59230907,2018-02-05T04:04:44,114.2436826,30.59443462,400,1,114.2348899,30.59477064,114.2382593,30.59689634,114.2403163,30.59230907,114.2436826,30.59443462
37wMNE,2018-02-05T04:02:31,114.328988,30.58912993,2018-02-05T04:04:40,114.3309843,30.58766348,251,1,114.323507,30.59149731,114.3255002,30.5900276,114.328988,30.58912993,114.3309843,30.58766348
07e4LD,2018-02-05T04:02:32,114.2837156,30.59227,2018-02-05T04:04:41,114.2808699,30.59015065,360,1,114.2782947,30.59471195,114.2754512,30.59259671,114.2837156,30.59227,114.2808699,30.59015065
0n4NZ7,2018-02-05T04:02:32,114.287058,30.59154802,2018-02-05T04:04:42,114.2765159,30.59101164,1011,1,114.2816344,30.59398607,114.2710996,30.59346192,114.287058,30.59154802,114.2765159,30.59101164
26l67G,2018-02-05T04:02:32,114.3259975,30.59057007,2018-02-05T04:04:42,114.3285372,30.59040044,244,1,114.3205213,30.59294262,114.3230569,30.59276819,114.3259975,30.59057007,114.3285372,30.59040044
26yJq5,2018-02-05T04:02:32,114.3504666,30.59218323,2018-02-05T04:04:42,114.350552,30.59079204,155,1,114.3449516,30.59450978,114.345037,30.59311898,114.3504666,30.59218323,114.350552,30.59079204
26ygzv,2018-02-05T04:02:33,114.2241776,30.59375928,2018-02-05T04:04:44,114.2240286,30.5955931,204,1,114.2187281,30.59620991,114.2185786,30.59804288,114.2241776,30.59375928,114.2240286,30.5955931
26lDXn,2018-02-05T04:02:36,114.2784925,30.59649837,2018-02-05T04:04:46,114.277601,30.59737025,129,1,114.2730747,30.59894453,114.2721836,30.59981699,114.2784925,30.59649837,114.277601,30.59737025
07oeqr,2018-02-05T04:02:37,114.3614653,30.59886586,2018-02-05T04:04:48,114.3607125,30.60053272,199,1,114.3559352,30.60117213,114.3551832,30.60283946,114.3614653,30.59886586,114.3607125,30.60053272
3nBQgm,2018-02-05T04:02:39,114.223084,30.60139251,2018-02-05T04:04:50,114.2250421,30.60477657,420,1,114.2176319,30.60383913,114.2195931,30.60722366,114.223084,30.60139251,114.2250421,30.60477657
3nXMxq,2018-02-05T04:02:39,114.2393556,30.60167852,2018-02-05T04:33:18,114.2304801,30.60878497,1160,1,114.2339273,30.60413608,114.2250395,30.61123482,114.2393556,30.60167852,114.2304801,30.60878497
0nl7yP,2018-02-05T04:02:42,114.2574249,30.60491927,2018-02-05T04:04:52,114.2581321,30.60559169,101,1,114.2520093,30.60737638,114.2527166,30.60804832,114.2574249,30.60491927,114.2581321,30.60559169
37elpE,2018-02-05T04:02:42,114.2250825,30.60517574,2018-02-05T04:04:46,114.2233073,30.59787701,829,1,114.2196335,30.60762271,114.2178559,30.60032522,114.2250825,30.60517574,114.2233073,30.59787701
26l3Q5,2018-02-05T04:02:44,114.263596,30.6063891,2018-02-05T04:04:53,114.2595803,30.60717559,394,1,114.2581814,30.60884309,114.2541651,30.60963108,114.263596,30.6063891,114.2595803,30.60717559
3nl2qm,2018-02-05T04:02:47,114.2217306,30.61123179,2018-02-05T04:04:54,114.2245821,30.61022144,295,1,114.2162751,30.61367315,114.2191318,30.61266594,114.2217306,30.61123179,114.2245821,30.61022144
045o6x,2018-02-05T04:02:48,114.2059578,30.61366056,2018-02-05T04:04:58,114.2084793,30.61435672,253,1,114.2004686,30.6160814,114.2029959,30.61678086,114.2059578,30.61366056,114.2084793,30.61435672
3nMb4M,2018-02-05T04:03:00,114.2005388,30.62709614,2018-02-05T04:05:07,114.1913526,30.62645389,882,1,114.1950351,30.62950324,114.1858247,30.62884599,114.2005388,30.62709614,114.1913526,30.62645389
26PBdv,2018-02-05T04:03:03,114.2835205,30.63266824,2018-02-05T04:05:13,114.2896423,30.6354352,662,1,114.2780963,30.63509407,114.2842126,30.63785199,114.2835205,30.63266824,114.2896423,30.6354352
37eXJg,2018-02-05T04:03:16,114.2984993,30.66386101,2018-02-05T04:05:25,114.2949405,30.66777478,552,1,114.2930574,30.66625224,114.2895024,30.67016973,114.2984993,30.66386101,114.2949405,30.66777478
2dvgq6,2018-02-05T04:03:35,114.4158844,30.48151967,2018-02-05T04:05:47,114.4191033,30.48695548,679,1,114.4103583,30.48383639,114.4135807,30.48927286,114.4158844,30.48151967,114.4191033,30.48695548
0n3VP7,2018-02-05T04:03:39,114.4070986,30.49191133,2018-02-05T04:05:48,114.4056595,30.49341493,217,1,114.4015634,30.49422154,114.4001232,30.49572445,114.4070986,30.49191133,114.4056595,30.49341493
3nglJa,2018-02-05T04:03:42,114.2656334,30.50119627,2018-02-05T04:05:47,114.2770827,30.49196358,1502,1,114.2602278,30.50368579,114.2716747,30.49444664,114.2656334,30.50119627,114.2770827,30.49196358
3nX4B7,2018-02-05T04:03:43,114.3006187,30.5022696,2018-02-05T04:05:52,114.3028907,30.50184913,223,1,114.2951881,30.50471822,114.2974572,30.50429412,114.3006187,30.5022696,114.3028907,30.50184913
3np2xL,2018-02-05T04:03:45,114.2838706,30.50621579,2018-02-05T04:05:54,114.2827808,30.50640596,107,1,114.278457,30.50868717,114.277368,30.50887858,114.2838706,30.50621579,114.2827808,30.50640596
3nLyDa,2018-02-05T04:03:47,114.3787026,30.507315,2018-02-05T04:05:54,114.3769492,30.50648537,192,1,114.373165,30.50963186,114.3714127,30.50880421,114.3787026,30.507315,114.3769492,30.50648537
3noBOL,2018-02-05T04:03:54,114.4275995,30.51725533,2018-02-05T04:06:01,114.4258139,30.51625294,204,1,114.4220873,30.51957168,114.4202988,30.51856765,114.4275995,30.51725533,114.4258139,30.51625294
27GnQG,2018-02-05T04:03:56,114.3640639,30.52135319,2018-02-05T08:03:26,114.3625283,30.52393411,322,1,114.3585376,30.5236832,114.3570035,30.52626551,114.3640639,30.52135319,114.3625283,30.52393411
3npl6l,2018-02-05T04:04:05,114.3171999,30.53344619,2018-02-05T04:06:17,114.3117518,30.53772877,706,1,114.3117428,30.53585579,114.3063027,30.54014699,114.3171999,30.53344619,114.3117518,30.53772877
05XZnD,2018-02-05T04:04:21,114.3357154,30.55850656,2018-02-05T04:06:29,114.3363865,30.55774659,106,1,114.3302261,30.5608724,114.3308962,30.56011143,114.3357154,30.55850656,114.3363865,30.55774659
0nxq0r,2018-02-05T04:04:21,114.31497,30.55605209,2018-02-05T04:06:29,114.3174518,30.55627049,239,1,114.3095144,30.55845815,114.3119923,30.55867186,114.31497,30.55605209,114.3174518,30.55627049
3pmXLL,2018-02-05T04:04:26,114.3058704,30.56618225,2018-02-05T04:06:35,114.3079372,30.56752409,248,1,114.3004273,30.568601,114.3024911,30.56993875,114.3058704,30.56618225,114.3079372,30.56752409
2KMqRN,2018-02-05T04:04:34,114.3186784,30.57905253,2018-02-05T16:05:33,114.3230047,30.57650096,7211488,1,114.313215,30.58144335,114.3175346,30.57888454,114.3186784,30.57905253,114.3230047,30.57650096
26My3a,2018-02-05T04:04:45,114.3856192,30.59715529,2018-02-05T04:06:54,114.3847581,30.59658525,104,1,114.3800706,30.59943523,114.3792098,30.59886603,114.3856192,30.59715529,114.3847581,30.59658525
05DVqD,2018-02-05T04:04:49,114.204786,30.60093171,2018-02-05T04:06:59,114.2056829,30.60166159,118,1,114.1992951,30.60335593,114.200194,30.60408684,114.204786,30.60093171,114.2056829,30.60166159
05qe3x,2018-02-05T04:04:49,114.2314855,30.6022861,2018-02-05T04:06:58,114.2299229,30.60321441,182,1,114.226047,30.60473924,114.224482,30.60566609,114.2314855,30.6022861,114.2299229,30.60321441
26yQ8R,2018-02-05T04:04:53,114.2654188,30.60694816,2018-02-05T04:07:02,114.2643649,30.60651664,112,1,114.2600041,30.60940091,114.2589503,30.60897017,114.2654188,30.60694816,114.2643649,30.60651664
26yGlJ,2018-02-05T04:04:57,114.4027713,30.61202246,2018-02-05T04:07:11,114.399841,30.61710511,631,1,114.3972229,30.61429053,114.3942909,30.61937125,114.4027713,30.61202246,114.399841,30.61710511
26Z4E5,2018-02-05T04:04:59,114.1883081,30.61598945,2018-02-05T04:07:10,114.188267,30.61790081,213,1,114.1827728,30.61838051,114.1827314,30.62029101,114.1883081,30.61598945,114.188267,30.61790081
3QOP5M,2018-02-05T04:05:03,114.2022737,30.6204374,2018-02-05T04:07:10,114.194047,30.61776178,842,1,114.1967749,30.62284996,114.1885272,30.6201621,114.2022737,30.6204374,114.194047,30.61776178
3QYkXq,2018-02-05T04:05:06,114.1927878,30.62310822,2018-02-05T04:07:13,114.1931518,30.62202718,125,1,114.1872641,30.62550419,114.1876292,30.62442422,114.1927878,30.62310822,114.1931518,30.62202718
26VV7R,2018-02-05T04:05:09,114.2545781,30.62798088,2018-02-05T04:07:17,114.2596135,30.62723204,489,1,114.2491594,30.63042926,114.2541965,30.62967931,114.2545781,30.62798088,114.2596135,30.62723204
2d2LOn,2018-02-05T04:05:11,114.2386738,30.63060472,2018-02-05T04:07:21,114.237998,30.63133786,104,1,114.2332422,30.6330502,114.2325656,30.63378274,114.2386738,30.63060472,114.237998,30.63133786
3nLmQa,2018-02-05T04:05:43,114.415376,30.48045679,2018-02-05T16:12:42,114.4211177,30.48034256,7216432,1,114.4098494,30.4827735,114.4155985,30.48266339,114.415376,30.48045679,114.4211177,30.48034256
0nb6VL,2018-02-05T04:06:07,114.392789,30.52440711,2018-02-05T04:08:16,114.3944315,30.52372449,175,1,114.3872457,30.52670894,114.3888884,30.52602592,114.392789,30.52440711,114.3944315,30.52372449
3GoxLE,2018-02-05T04:06:35,114.3043515,30.56678439,2018-02-05T04:08:46,114.3023077,30.57027158,434,1,114.2989104,30.56920552,114.2968691,30.57269488,114.3043515,30.56678439,114.3023077,30.57027158
2PPqMa,2018-02-05T04:06:44,114.1767671,30.58361464,2018-02-05T16:09:33,114.1825322,30.58124028,7212268,1,114.1712018,30.58599722,114.1769837,30.58363448,114.1767671,30.58361464,114.1825322,30.58124028
0nwlnr,2018-02-05T04:06:49,114.3363641,30.58884431,2018-02-05T04:09:01,114.3391056,30.59160368,404,1,114.3308711,30.59119775,114.333608,30.59395092,114.3363641,30.58884431,114.3391056,30.59160368
0BGdql,2018-02-05T04:06:56,114.2754252,30.59924239,2018-02-05T04:09:07,114.2741645,30.59942061,122,1,114.2700087,30.60169052,114.2687485,30.60186982,114.2754252,30.59924239,114.2741645,30.59942061
3npAAm,2018-02-05T04:07:08,114.1620564,30.61409641,2018-02-05T04:24:39,114.1611484,30.61554439,183,1,114.1564458,30.61643944,114.155535,30.61788516,114.1620564,30.61409641,114.1611484,30.61554439
2KayG5,2018-02-05T04:07:11,114.2703463,30.61790834,2018-02-05T04:09:21,114.2690416,30.61759959,129,1,114.26493,30.62035331,114.2636256,30.62004566,114.2703463,30.61790834,114.2690416,30.61759959
3nedma,2018-02-05T04:07:13,114.1971901,30.62243209,2018-02-05T16:10:03,114.2026931,30.62000828,7209936,1,114.1916782,30.62483574,114.1971954,30.62242166,114.1971901,30.62243209,114.2026931,30.62000828
05AO8L,2018-02-05T04:07:15,114.1929498,30.6234102,2018-02-05T04:09:25,114.198754,30.62442366,567,1,114.1874265,30.62580632,114.193246,30.62682903,114.1929498,30.6234102,114.198754,30.62442366
26PaJN,2018-02-05T04:07:31,114.3008735,30.65558616,2018-02-05T04:09:41,114.3003558,30.65475627,105,1,114.2954293,30.65797727,114.2949124,30.65714859,114.3008735,30.65558616,114.3003558,30.65475627
3np2xL,2018-02-05T04:08:03,114.2827808,30.50640596,2018-02-05T04:10:12,114.2824308,30.50477702,184,1,114.277368,30.50887858,114.2770184,30.50725054,114.2827808,30.50640596,114.2824308,30.50477702
26ry6Z,2018-02-05T04:08:21,114.257138,30.53205979,2018-02-05T04:10:32,114.2552795,30.53118699,203,1,114.2517286,30.53454343,114.2498695,30.53367138,114.257138,30.53205979,114.2552795,30.53118699
26ZNea,2018-02-05T04:08:21,114.2308832,30.5324739,2018-02-05T04:10:33,114.2249687,30.53533132,649,1,114.2254498,30.53495189,114.2195256,30.53780366,114.2308832,30.5324739,114.2249687,30.53533132
3paPY7,2018-02-05T04:08:23,114.3075252,30.53540906,2018-02-05T04:10:23,114.3039626,30.52058832,1683,1,114.3020824,30.53783558,114.298526,30.52302576,114.3075252,30.53540906,114.3039626,30.52058832
3G4Zl7,2018-02-05T04:08:29,114.2918562,30.54189572,2018-02-05T16:40:33,114.2956936,30.53658823,695,1,114.2864323,30.54434517,114.290266,30.5390338,114.2918562,30.54189572,114.2956936,30.53658823
26Yb8R,2018-02-05T04:08:58,114.3315663,30.58690693,2018-02-05T04:11:09,114.3267142,30.58625444,470,1,114.3260813,30.58927023,114.3212372,30.58862727,114.3315663,30.58690693,114.3267142,30.58625444
3nX5pm,2018-02-05T04:09:05,114.324402,30.5971892,2018-02-05T04:11:16,114.3246638,30.59848569,146,1,114.3189278,30.59956223,114.3191891,30.60085772,114.324402,30.5971892,114.3246638,30.59848569
26G3aR,2018-02-05T04:09:15,114.3992115,30.60939768,2018-02-05T04:11:31,114.3977419,30.61578925,724,1,114.3936619,30.61166702,114.3921913,30.61805625,114.3992115,30.60939768,114.3977419,30.61578925
26wqZG,2018-02-05T04:09:20,114.1936342,30.61735852,2018-02-05T04:11:35,114.1924099,30.62098825,420,1,114.1881133,30.61975831,114.1868854,30.62338445,114.1936342,30.61735852,114.1924099,30.62098825
3n6MeL,2018-02-05T04:09:22,114.2617308,30.6202155,2018-02-05T04:11:36,114.2618619,30.62176585,173,1,114.2563148,30.6226648,114.2564458,30.62421445,114.2617308,30.6202155,114.2618619,30.62176585
0nOoEL,2018-02-05T04:09:31,114.3967492,30.62991979,2018-02-05T04:11:40,114.3981262,30.62600548,455,1,114.3911971,30.63218115,114.3925748,30.62826819,114.3967492,30.62991979,114.3981262,30.62600548
3Q2RDL,2018-02-05T04:09:57,114.3743336,30.46907003,2018-02-05T04:12:09,114.3751118,30.47023818,150,1,114.3688023,30.47140225,114.3695798,30.47256924,114.3743336,30.46907003,114.3751118,30.47023818
2dvgq6,2018-02-05T04:10:07,114.4191033,30.48695548,2018-02-05T04:27:40,114.4169777,30.48282794,502,1,114.4135807,30.48927286,114.4114528,30.48514499,114.4191033,30.48695548,114.4169777,30.48282794
0nwlpr,2018-02-05T04:10:18,114.4000991,30.51309298,2018-02-05T04:12:33,114.4012257,30.51577193,317,1,114.3945582,30.5153965,114.395685,30.51807453,114.4000991,30.51309298,114.4012257,30.51577193
3noakM,2018-02-05T04:10:19,114.3877386,30.51360166,2018-02-05T16:12:57,114.3925987,30.51165383,7214684,1,114.3821968,30.51590948,114.3870566,30.51395974,114.3877386,30.51360166,114.3925987,30.51165383
04Bw2P,2018-02-05T04:10:32,114.2142026,30.5329372,2018-02-05T04:12:45,114.2098584,30.53507097,479,1,114.2087389,30.53539881,114.204385,30.53752626,114.2142026,30.5329372,114.2098584,30.53507097
04EgvL,2018-02-05T04:10:33,114.3914702,30.53319619,2018-02-05T04:12:44,114.3903287,30.53332418,110,1,114.3859262,30.53549575,114.3847848,30.53562425,114.3914702,30.53319619,114.3903287,30.53332418
3ngQvm,2018-02-05T04:10:41,114.3342841,30.54447294,2018-02-05T04:12:53,114.3348526,30.54369226,102,1,114.3287984,30.54684636,114.329366,30.54606486,114.3342841,30.54447294,114.3348526,30.54369226
05Mel2,2018-02-05T04:10:49,114.2975164,30.55562406,2018-02-05T04:13:02,114.2953577,30.55715731,268,1,114.292085,30.55806032,114.2899287,30.55959635,114.2975164,30.55562406,114.2953577,30.55715731
25QDrR,2018-02-05T04:10:58,114.2828098,30.5708771,2018-02-05T04:13:11,114.281574,30.5715103,138,1,114.2773914,30.57332816,114.2761564,30.57396256,114.2828098,30.5708771,114.281574,30.5715103
0n3QDV,2018-02-05T04:11:02,114.3304527,30.5764566,2018-02-05T16:13:33,114.3383852,30.57539624,7211745,1,114.3249704,30.57882595,114.3328901,30.57775094,114.3304527,30.5764566,114.3383852,30.57539624
0BQGED,2018-02-05T04:11:06,114.3215843,30.58398847,2018-02-05T16:13:41,114.3271608,30.5821469,7211268,1,114.3161158,30.58637194,114.3216834,30.58452043,114.3215843,30.58398847,114.3271608,30.5821469
05OP6V,2018-02-05T04:11:17,114.3914727,30.59441695,2018-02-05T16:13:48,114.3969905,30.59207132,7210165,1,114.3859233,30.59669455,114.3914418,30.5943479,114.3914727,30.59441695,114.3969905,30.59207132
2dOo2J,2018-02-05T04:11:19,114.241978,30.60075698,2018-02-05T04:13:30,114.241818,30.60166502,102,1,114.2365526,30.60321579,114.2363923,30.60412342,114.241978,30.60075698,114.241818,30.60166502
05AAvP,2018-02-05T04:11:21,114.2440995,30.60291355,2018-02-05T04:13:33,114.2441065,30.60458155,185,1,114.2386759,30.60537204,114.2386828,30.60703938,114.2440995,30.60291355,114.2441065,30.60458155
0EoOBL,2018-02-05T04:11:23,114.300088,30.60542488,2018-02-05T04:13:33,114.2992941,30.60628696,122,1,114.2946492,30.60783839,114.2938562,30.60870141,114.300088,30.60542488,114.2992941,30.60628696
3QOP5M,2018-02-05T04:11:32,114.194047,30.61776178,2018-02-05T04:13:46,114.2022737,30.6204374,842,1,114.1885272,30.6201621,114.1967749,30.62284996,114.194047,30.61776178,114.2022737,30.6204374
3QYkXq,2018-02-05T04:11:35,114.1931518,30.62202718,2018-02-05T04:13:47,114.1927478,30.62326522,143,1,114.1876292,30.62442422,114.187224,30.62566106,114.1931518,30.62202718,114.1927478,30.62326522
2dOm6N,2018-02-05T04:11:37,114.1928878,30.62311021,2018-02-05T04:13:47,114.2025454,30.62558737,964,1,114.1873644,30.62550635,114.1970468,30.62799821,114.1928878,30.62311021,114.2025454,30.62558737
2dvrVv,2018-02-05T04:11:39,114.3011079,30.62584481,2018-02-05T04:13:50,114.3034646,30.62659459,240,1,114.295666,30.62824834,114.2980196,30.62899389,114.3011079,30.62584481,114.3034646,30.62659459
2P5xE6,2018-02-05T04:12:31,114.349205,30.51566485,2018-02-05T04:14:42,114.3475019,30.51609237,170,1,114.3436985,30.51802028,114.3419979,30.51845065,114.349205,30.51566485,114.3475019,30.51609237
2d2m8J,2018-02-05T04:12:46,114.2005607,30.53718213,2018-02-05T04:14:58,114.1994409,30.53766627,120,1,114.1950648,30.53962306,114.1939422,30.54010527,114.2005607,30.53718213,114.1994409,30.53766627
0nw2mX,2018-02-05T04:12:55,114.1923784,30.54720896,2018-02-05T04:15:03,114.1902927,30.54619427,229,1,114.1868602,30.54963299,114.1847689,30.54861501,114.1923784,30.54720896,114.1902927,30.54619427
3nab2m,2018-02-05T04:13:08,114.3440503,30.5657001,2018-02-05T12:10:14,114.3425106,30.56418032,224,1,114.3385472,30.56804789,114.33701,30.56653146,114.3440503,30.5657001,114.3425106,30.56418032
2dBlP6,2018-02-05T04:13:10,114.2536952,30.57229751,2018-02-05T07:42:39,114.2622221,30.5713228,824,1,114.2482809,30.57476794,114.2568104,30.5737909,114.2536952,30.57229751,114.2622221,30.5713228
05glG7,2018-02-05T04:13:18,114.4191673,30.58435971,2018-02-05T04:15:26,114.4194874,30.58262278,196,1,114.4136363,30.58664491,114.413957,30.58490887,114.4191673,30.58435971,114.4194874,30.58262278
0ne53V,2018-02-05T04:13:18,114.2769268,30.58368876,2018-02-05T04:15:25,114.2754152,30.58232975,209,1,114.2715109,30.58614143,114.2700002,30.58478439,114.2769268,30.58368876,114.2754152,30.58232975
26A0bn,2018-02-05T04:13:23,114.3498945,30.59215365,2018-02-05T04:15:34,114.3487104,30.59285153,137,1,114.3443803,30.5944812,114.3431979,30.59518087,114.3498945,30.59215365,114.3487104,30.59285153
26DAo5,2018-02-05T04:13:24,114.2433725,30.59329555,2018-02-05T16:13:52,114.2503234,30.59966664,7211694,1,114.2379491,30.59575764,114.2449049,30.60212698,114.2433725,30.59329555,114.2503234,30.59966664
3n4oJE,2018-02-05T04:13:29,114.2995655,30.60062788,2018-02-05T04:15:38,114.2943037,30.60067113,504,1,114.2941277,30.60304414,114.2888721,30.60309551,114.2995655,30.60062788,114.2943037,30.60067113
04raYV,2018-02-05T04:13:33,114.2481495,30.60505972,2018-02-05T16:18:14,114.2545118,30.60212356,7210579,1,114.242729,30.60751789,114.2490953,30.60458248,114.2481495,30.60505972,114.2545118,30.60212356
3GgaKp,2018-02-05T04:13:33,114.2411322,30.60632117,2018-02-05T16:18:16,114.2462642,30.60445695,7210557,1,114.2357054,30.60877751,114.2408423,30.60691519,114.2411322,30.60632117,114.2462642,30.60445695
05AO8L,2018-02-05T04:13:47,114.198754,30.62442366,2018-02-05T04:15:58,114.1925268,30.62447525,596,1,114.193246,30.62682903,114.1870023,30.6268702,114.198754,30.62442366,114.1925268,30.62447525
3nowBg,2018-02-05T04:14:00,114.4088538,30.64456547,2018-02-05T04:16:08,114.4067616,30.63958076,589,1,114.4033065,30.64682082,114.4012132,30.64183775,114.4088538,30.64456547,114.4067616,30.63958076
26g2BG,2018-02-05T04:14:25,114.4160794,30.48115586,2018-02-05T16:17:05,114.4219255,30.47956045,7216327,1,114.4105536,30.4834728,114.4164075,30.48188219,114.4160794,30.48115586,114.4219255,30.47956045
3np2xL,2018-02-05T04:14:34,114.2824308,30.50477702,2018-02-05T04:16:45,114.2843985,30.50636871,259,1,114.2770184,30.50725054,114.2789845,30.5088394,114.2824308,30.50477702,114.2843985,30.50636871
0n36NP,2018-02-05T04:14:51,114.3656542,30.52792701,2018-02-05T04:17:01,114.3633453,30.52760581,224,1,114.3601256,30.5302527,114.3578193,30.52993485,114.3656542,30.52792701,114.3633453,30.52760581
2d3OYR,2018-02-05T04:15:10,114.3213613,30.55577041,2018-02-05T04:17:20,114.3263178,30.55466836,490,1,114.3158956,30.55816459,114.3208442,30.55705348,114.3213613,30.55577041,114.3263178,30.55466836
3nBZkD,2018-02-05T04:15:14,114.2348209,30.56524878,2018-02-05T04:17:26,114.2322205,30.56693655,312,1,114.2293902,30.56771796,114.2267861,30.56940356,114.2348209,30.56524878,114.2322205,30.56693655
2dVJ7a,2018-02-05T04:15:21,114.254427,30.57452737,2018-02-05T04:17:31,114.2533742,30.57491058,109,1,114.2490129,30.57699686,114.2479595,30.5773801,114.254427,30.57452737,114.2533742,30.57491058
3Q4ozm,2018-02-05T04:15:21,114.2562196,30.57442901,2018-02-05T04:43:47,114.2579281,30.57347366,195,1,114.2508062,30.57689814,114.2525153,30.57594266,114.2562196,30.57442901,114.2579281,30.57347366
2dLqyG,2018-02-05T04:15:22,114.2466549,30.57665697,2018-02-05T04:17:32,114.2477226,30.57885475,265,1,114.2412357,30.57912594,114.2423041,30.581323,114.2466549,30.57665697,114.2477226,30.57885475
0nPGgL,2018-02-05T04:15:56,114.2529381,30.62139652,2018-02-05T04:18:01,114.2505594,30.61866311,380,1,114.2475192,30.6238479,114.2451394,30.62111581,114.2529381,30.62139652,114.2505594,30.61866311
3nD07g,2018-02-05T04:15:57,114.386979,30.62336712,2018-02-05T04:18:05,114.385211,30.62340032,169,1,114.3814277,30.62563559,114.3796602,30.62566998,114.386979,30.62336712,114.385211,30.62340032
3nDDKm,2018-02-05T04:16:30,114.3865975,30.47191262,2018-02-05T04:18:40,114.3876756,30.47346391,201,1,114.3810596,30.47423319,114.3821373,30.47578337,114.3865975,30.47191262,114.3876756,30.47346391
0yGYOx,2018-02-05T04:17:05,114.2534662,30.53448447,2018-02-05T04:19:14,114.2548009,30.5341902,132,1,114.2480551,30.53696811,114.2493904,30.53667371,114.2534662,30.53448447,114.2548009,30.5341902
26rX6a,2018-02-05T04:17:06,114.2959327,30.53416217,2018-02-05T04:19:13,114.2959657,30.53320673,106,1,114.290505,30.53660818,114.2905381,30.535653,114.2959327,30.53416217,114.2959657,30.53320673
3n5nmq,2018-02-05T04:17:13,114.3268749,30.54415652,2018-02-05T04:19:23,114.3231931,30.54690356,466,1,114.3214013,30.5465442,114.3177252,30.54929733,114.3268749,30.54415652,114.3231931,30.54690356
2d3OYR,2018-02-05T04:17:20,114.3263178,30.55466836,2018-02-05T04:19:30,114.3211763,30.55579342,508,1,114.3208442,30.55705348,114.3157109,30.55818794,114.3263178,30.55466836,114.3211763,30.55579342
2KazlZ,2018-02-05T04:17:21,114.3362035,30.55572758,2018-02-05T04:19:30,114.3347544,30.55673652,178,1,114.3307137,30.55809348,114.3292668,30.5591048,114.3362035,30.55572758,114.3347544,30.55673652
3QqNzE,2018-02-05T04:17:34,114.2470438,30.57968389,2018-02-05T11:15:17,114.245968,30.57762611,251,1,114.2416247,30.58215177,114.2405482,30.58009463,114.2470438,30.57968389,114.245968,30.57762611
0ypP5O,2018-02-05T04:17:42,114.3693496,30.59206737,2018-02-05T04:19:59,114.3682433,30.59885419,762,1,114.3638118,30.59436543,114.3627059,30.60115103,114.3693496,30.59206737,114.3682433,30.59885419
26A0bn,2018-02-05T04:17:43,114.3487104,30.59285153,2018-02-05T04:19:54,114.3493755,30.59175359,138,1,114.3431979,30.59518087,114.3438621,30.5940822,114.3487104,30.59285153,114.3493755,30.59175359
3QELNL,2018-02-05T04:17:46,114.2647925,30.59839536,2018-02-05T04:20:00,114.2657523,30.59917017,126,1,114.2593786,30.60085186,114.2603383,30.60162581,114.2647925,30.59839536,114.2657523,30.59917017
268YyJ,2018-02-05T04:18:01,114.3780004,30.61799905,2018-02-05T04:20:12,114.3677332,30.61508613,1035,1,114.3724535,30.62027706,114.3621949,30.61737714,114.3780004,30.61799905,114.3677332,30.61508613
05AO8L,2018-02-05T04:18:07,114.1925268,30.62447525,2018-02-05T04:20:19,114.1926718,30.62349223,110,1,114.1870023,30.6268702,114.1871478,30.62588784,114.1925268,30.62447525,114.1926718,30.62349223
3nyLGq,2018-02-05T04:18:16,114.2411374,30.64113177,2018-02-05T04:20:31,114.2406666,30.6430101,214,1,114.2357076,30.64357366,114.2352362,30.64545103,114.2411374,30.64113177,114.2406666,30.6430101
26w0DR,2018-02-05T04:18:21,114.2853783,30.65387087,2018-02-05T04:20:34,114.2859102,30.65265078,145,1,114.2799508,30.65628525,114.2804823,30.65506503,114.2853783,30.65387087,114.2859102,30.65265078
3KeRwg,2018-02-05T04:19:25,114.3399347,30.54755775,2018-02-05T04:21:40,114.3380275,30.54848165,210,1,114.3344396,30.54991948,114.3325354,30.55084663,114.3399347,30.54755775,114.3380275,30.54848165
2wb6NZ,2018-02-05T04:19:30,114.3350364,30.55625753,2018-02-05T04:21:44,114.3360584,30.55581657,109,1,114.3295484,30.55862545,114.3305688,30.55818271,114.3350364,30.55625753,114.3360584,30.55581657
3Q5J3p,2018-02-05T04:19:33,114.3289483,30.55947839,2018-02-05T04:21:48,114.3273383,30.56147738,271,1,114.32347,30.56185678,114.3218624,30.56385814,114.3289483,30.55947839,114.3273383,30.56147738
0r2eZL,2018-02-05T04:19:41,114.2660673,30.57411806,2018-02-05T16:26:23,114.270953,30.57218085,7212179,1,114.2606554,30.57658304,114.2655405,30.57464312,114.2660673,30.57411806,114.270953,30.57218085
3nM42l,2018-02-05T04:19:42,114.2458154,30.57478003,2018-02-05T04:21:56,114.2464194,30.5760443,152,1,114.2403957,30.57724959,114.2410001,30.57851347,114.2458154,30.57478003,114.2464194,30.5760443
0nvRz2,2018-02-05T04:19:47,114.2475435,30.58252056,2018-02-05T04:22:01,114.2475279,30.58388475,152,1,114.2421245,30.58498742,114.2421088,30.5863511,114.2475435,30.58252056,114.2475279,30.58388475
05J7ND,2018-02-05T04:19:49,114.3503346,30.58434268,2018-02-05T04:22:03,114.3492435,30.58426957,105,1,114.3448205,30.58667246,114.343731,30.58660126,114.3503346,30.58434268,114.3492435,30.58426957
3G4p7l,2018-02-05T04:19:52,114.3468012,30.58894835,2018-02-05T04:22:06,114.3478473,30.58830144,123,1,114.3412919,30.59128256,114.3423365,30.59063404,114.3468012,30.58894835,114.3478473,30.58830144
3nd5YM,2018-02-05T04:20:11,114.3043625,30.61312848,2018-02-05T04:22:25,114.3033106,30.61366858,117,1,114.2989174,30.61553181,114.2978669,30.61607346,114.3043625,30.61312848,114.3033106,30.61366858
0nOoDP,2018-02-05T04:20:13,114.2584687,30.61565344,2018-02-05T04:22:23,114.2587021,30.61022115,604,1,114.2530525,30.6181059,114.2532864,30.61267573,114.2584687,30.61565344,114.2587021,30.61022115
3QOP5M,2018-02-05T04:20:16,114.2022737,30.6204374,2018-02-05T04:22:28,114.194047,30.61776178,842,1,114.1967749,30.62284996,114.1885272,30.6201621,114.2022737,30.6204374,114.194047,30.61776178
05Ye67,2018-02-05T04:20:17,114.1924069,30.62129225,2018-02-05T04:22:28,114.194047,30.61776178,423,1,114.1868824,30.62368832,114.1885272,30.6201621,114.1924069,30.62129225,114.194047,30.61776178
2dDn26,2018-02-05T04:20:36,114.2845654,30.656839,2018-02-05T04:22:50,114.2845704,30.658064,136,1,114.2791383,30.65925307,114.2791431,30.66047752,114.2845654,30.656839,114.2845704,30.658064
3n6bgE,2018-02-05T04:20:51,114.3212439,30.47091454,2018-02-05T16:23:04,114.3067728,30.45818939,7216393,1,114.3157857,30.47333515,114.3013377,30.46063979,114.3212439,30.47091454,114.3067728,30.45818939
3Q2PRa,2018-02-05T04:21:12,114.3877847,30.51148093,2018-02-05T04:23:26,114.3891301,30.51094023,142,1,114.382243,30.51378938,114.3835883,30.51324805,114.3877847,30.51148093,114.3891301,30.51094023
05Q3mO,2018-02-05T04:21:23,114.2297139,30.52911828,2018-02-05T04:23:43,114.2242292,30.53597634,926,1,114.224279,30.53159653,114.2187847,30.53844779,114.2297139,30.52911828,114.2242292,30.53597634
27eKwG,2018-02-05T04:21:29,114.1695751,30.53445078,2018-02-05T07:52:47,114.1836845,30.53149538,1391,1,114.1639932,30.53683721,114.1781436,30.53390917,114.1695751,30.53445078,114.1836845,30.53149538
0n04n7,2018-02-05T04:21:46,114.3014886,30.56007488,2018-02-05T08:14:56,114.2965878,30.56045362,471,1,114.2960519,30.5625032,114.2911571,30.56288962,114.3014886,30.56007488,114.2965878,30.56045362
0B486x,2018-02-05T04:21:52,114.2660133,30.56828806,2018-02-05T16:32:25,114.270747,30.57197666,7212744,1,114.2606019,30.57075521,114.2653345,30.57443916,114.2660133,30.56828806,114.270747,30.57197666
0nebqL,2018-02-05T04:22:06,114.1977165,30.59358516,2018-02-05T04:24:20,114.1971042,30.59261487,123,1,114.1922085,30.59600123,114.1915946,30.59503031,114.1977165,30.59358516,114.1971042,30.59261487
0EJERL,2018-02-05T04:22:14,114.2058389,30.60147756,2018-02-05T22:34:58,114.2113296,30.59898638,7211053,1,114.2003504,30.60390311,114.205854,30.60142052,114.2058389,30.60147756,114.2113296,30.59898638
3n6elg,2018-02-05T04:22:24,114.2269025,30.61473331,2018-02-05T04:24:35,114.2252292,30.60872091,687,1,114.2214558,30.617178,114.2197802,30.61116659,114.2269025,30.61473331,114.2252292,30.60872091
0nPM42,2018-02-05T04:22:25,114.3457098,30.6130834,2018-02-05T04:24:41,114.3494807,30.61597827,484,1,114.3402,30.61541004,114.3439651,30.61829708,114.3457098,30.6130834,114.3494807,30.61597827
26wqZG,2018-02-05T04:22:31,114.1923029,30.62089326,2018-02-05T04:24:45,114.1935377,30.62215814,184,1,114.1867781,30.62328931,114.1880161,30.62455579,114.1923029,30.62089326,114.1935377,30.62215814
26w0DR,2018-02-05T04:22:48,114.2859102,30.65265078,2018-02-05T04:25:02,114.2849473,30.65434193,209,1,114.2804823,30.65506503,114.2795201,30.65675664,114.2859102,30.65265078,114.2849473,30.65434193
26wXoN,2018-02-05T04:22:53,114.3289712,30.66889059,2018-02-05T04:55:33,114.3278862,30.66686557,248,1,114.3234833,30.67122453,114.3224003,30.6692025,114.3289712,30.66889059,114.3278862,30.66686557
2dx365,2018-02-05T04:23:09,114.3837187,30.47954596,2018-02-05T04:25:22,114.3833456,30.47853688,118,1,114.378181,30.48186652,114.3778082,30.480858,114.3837187,30.47954596,114.3833456,30.47853688
05Zbyr,2018-02-05T04:23:18,114.3241043,30.49850725,2018-02-05T04:25:32,114.3250633,30.49803824,106,1,114.3186391,30.50091468,114.3195966,30.50044398,114.3241043,30.49850725,114.3250633,30.49803824
258eZn,2018-02-05T04:23:42,114.254351,30.53310529,2018-02-05T04:25:51,114.2485084,30.52769347,822,1,114.2489404,30.53558924,114.2430949,30.53017958,114.254351,30.53310529,114.2485084,30.52769347
3QEqpq,2018-02-05T04:23:50,114.2412972,30.547619,2018-02-05T04:26:06,114.2406783,30.54916013,181,1,114.2358756,30.55009719,114.235256,30.55163759,114.2412972,30.547619,114.2406783,30.54916013
05VvX7,2018-02-05T04:24:06,114.2676609,30.57000075,2018-02-05T04:26:24,114.2747703,30.57562946,925,1,114.2622492,30.57246622,114.2693561,30.5780872,114.2676609,30.57000075,114.2747703,30.57562946
25MJqG,2018-02-05T04:24:12,114.271886,30.57915298,2018-02-05T04:26:23,114.2674369,30.5731318,794,1,114.2664726,30.58161192,114.262025,30.57559627,114.271886,30.57915298,114.2674369,30.5731318
3Gm0oD,2018-02-05T04:24:12,114.2721159,30.57922694,2018-02-05T04:26:23,114.2693845,30.57362943,675,1,114.2667024,30.58168566,114.2639722,30.57609236,114.2721159,30.57922694,114.2693845,30.57362943
2KpqgN,2018-02-05T04:24:13,114.2740985,30.58114359,2018-02-05T04:26:28,114.2722989,30.58022891,200,1,114.2686841,30.58359988,114.2668853,30.5826871,114.2740985,30.58114359,114.2722989,30.58022891
3Qq7Op,2018-02-05T04:24:13,114.2142223,30.58240422,2018-02-05T04:26:27,114.2131005,30.5823684,107,1,114.2087544,30.58484842,114.2076302,30.58481121,114.2142223,30.58240422,114.2131005,30.5823684
3QYb6a,2018-02-05T04:24:19,114.2165158,30.58890184,2018-02-05T04:26:33,114.2161359,30.58996891,124,1,114.2110521,30.59134632,114.2106713,30.59241254,114.2165158,30.58890184,114.2161359,30.58996891
26A0bn,2018-02-05T04:24:21,114.3493755,30.59175359,2018-02-05T04:26:37,114.3494225,30.5927666,113,1,114.3438621,30.5940822,114.343909,30.59509473,114.3493755,30.59175359,114.3494225,30.5927666
26zKvZ,2018-02-05T04:24:43,114.1967633,30.62034574,2018-02-05T04:44:21,114.1971748,30.62242877,235,1,114.1912504,30.62274955,114.1916628,30.6248324,114.1967633,30.62034574,114.1971748,30.62242877
05ZQXO,2018-02-05T04:24:56,114.2768589,30.63903322,2018-02-05T04:27:10,114.2758821,30.63956739,111,1,114.2714383,30.64146361,114.2704619,30.6419985,114.2768589,30.63903322,114.2758821,30.63956739
2dX5MR,2018-02-05T04:24:57,114.3192964,30.64155263,2018-02-05T04:27:12,114.3219673,30.64074957,271,1,114.3138266,30.64391711,114.3164933,30.64310934,114.3192964,30.64155263,114.3219673,30.64074957
3n6VvM,2018-02-05T04:25:28,114.316845,30.48864718,2018-02-05T04:27:42,114.3095076,30.49067231,738,1,114.3113923,30.49107118,114.3040658,30.49310913,114.316845,30.48864718,114.3095076,30.49067231
05QnBl,2018-02-05T04:25:54,114.1766442,30.53204714,2018-02-05T16:27:56,114.1821594,30.52963951,7215159,1,114.171083,30.53444767,114.1766143,30.5320511,114.1766442,30.53204714,114.1821594,30.52963951
3QMm3a,2018-02-05T04:26:29,114.3549582,30.5832522,2018-02-05T04:28:42,114.3586817,30.58327668,356,1,114.3494377,30.58557463,114.3531564,30.58559317,114.3549582,30.5832522,114.3586817,30.58327668
3nRbzq,2018-02-05T04:26:36,114.2648052,30.59386385,2018-02-05T04:28:47,114.263358,30.59286398,178,1,114.2593917,30.59632211,114.2579445,30.59532341,114.2648052,30.59386385,114.263358,30.59286398
3no4Dp,2018-02-05T04:26:51,114.3481747,30.61047421,2018-02-05T04:29:02,114.3480988,30.61185638,154,1,114.3426615,30.61279753,114.3425855,30.61417927,114.3481747,30.61047421,114.3480988,30.61185638
05NRdD,2018-02-05T04:26:53,114.2996531,30.61512494,2018-02-05T04:29:07,114.2887447,30.61812531,1096,1,114.294214,30.61753525,114.2833173,30.62055056,114.2996531,30.61512494,114.2887447,30.61812531
3npAAm,2018-02-05T04:26:53,114.1611484,30.61554439,2018-02-05T04:29:05,114.1620614,30.61399441,193,1,114.155535,30.61788516,114.1564508,30.61633749,114.1611484,30.61554439,114.1620614,30.61399441
05Ye67,2018-02-05T04:26:55,114.194047,30.61776178,2018-02-05T04:29:05,114.191352,30.61720335,265,1,114.1885272,30.6201621,114.1858249,30.61959927,114.194047,30.61776178,114.191352,30.61720335
3QYkXq,2018-02-05T04:27:01,114.1927168,30.62335823,2018-02-05T04:29:11,114.1942666,30.62250806,176,1,114.1871929,30.62575398,114.188747,30.6249068,114.1927168,30.62335823,114.1942666,30.62250806
3nLO5L,2018-02-05T04:27:11,114.3041652,30.6395136,2018-02-05T04:29:20,114.3021363,30.63607964,428,1,114.2987181,30.64190624,114.2966922,30.63847715,114.3041652,30.6395136,114.3021363,30.63607964
0ygx2V,2018-02-05T04:27:12,114.2359155,30.6413683,2018-02-05T15:12:10,114.2403699,30.64667723,7208910,1,114.2304796,30.64380791,114.2349388,30.64911646,114.2359155,30.6413683,114.2403699,30.64667723
26N3E6,2018-02-05T04:27:33,114.4229325,30.46762398,2018-02-05T04:29:44,114.425363,30.4711341,455,1,114.417417,30.46994984,114.4198511,30.4734614,114.4229325,30.46762398,114.425363,30.4711341
0nw7lO,2018-02-05T04:27:39,114.4150798,30.4807238,2018-02-05T16:33:57,114.4228866,30.47798789,7216379,1,114.4095529,30.48304027,114.4173702,30.48031092,114.4150798,30.4807238,114.4228866,30.47798789
3Q2PRa,2018-02-05T04:27:54,114.3891301,30.51094023,2018-02-05T04:34:22,114.3893601,30.51197029,117,1,114.3835883,30.51324805,114.3838181,30.51427767,114.3891301,30.51094023,114.3893601,30.51197029
2PoJDv,2018-02-05T04:28:13,114.3427934,30.53903656,2018-02-05T04:30:22,114.3446121,30.53878001,176,1,114.3372945,30.5413959,114.3391105,30.54113613,114.3427934,30.53903656,114.3446121,30.53878001
3QEqpq,2018-02-05T04:28:19,114.2406783,30.54916013,2018-02-05T04:30:27,114.2410322,30.54769505,166,1,114.235256,30.55163759,114.2356104,30.55017313,114.2406783,30.54916013,114.2410322,30.54769505
37qkPm,2018-02-05T04:28:20,114.3209374,30.54997041,2018-02-05T04:30:24,114.3342354,30.53990747,1695,1,114.3154729,30.55236741,114.3287501,30.54228252,114.3209374,30.54997041,114.3342354,30.53990747
2dMMwa,2018-02-05T04:28:21,114.2121547,30.55389349,2018-02-05T04:30:32,114.2166098,30.55375375,427,1,114.2066848,30.55634542,114.2111493,30.5562112,114.2121547,30.55389349,114.2166098,30.55375375
2KD3wn,2018-02-05T04:28:38,114.2477756,30.57979474,2018-02-05T04:30:51,114.2495302,30.58331739,426,1,114.242357,30.58226264,114.2441126,30.58578403,114.2477756,30.57979474,114.2495302,30.58331739
04b20P,2018-02-05T04:28:39,114.276578,30.58036715,2018-02-05T04:30:49,114.2758911,30.58123327,117,1,114.2711626,30.58282141,114.270476,30.58368787,114.276578,30.58036715,114.2758911,30.58123327
3Q37n7,2018-02-05T04:28:43,114.2134054,30.58805636,2018-02-05T04:31:06,114.2180125,30.60612562,2057,1,114.2079353,30.5904974,114.2125503,30.60856508,114.2134054,30.58805636,114.2180125,30.60612562
2dODX6,2018-02-05T04:28:59,114.2803692,30.60728757,2018-02-05T04:31:08,114.2790515,30.60730779,126,1,114.2749493,30.60972746,114.2736324,30.6097491,114.2803692,30.60728757,114.2790515,30.60730779
2P54lG,2018-02-05T04:28:59,114.3426085,30.60704734,2018-02-05T04:33:00,114.3498902,30.58358926,2700,1,114.337104,30.60938203,114.3443768,30.58592009,114.3426085,30.60704734,114.3498902,30.58358926
3n22l7,2018-02-05T04:28:59,114.3019015,30.60735764,2018-02-05T04:31:10,114.2999501,30.61025418,372,1,114.2964602,30.60976742,114.294511,30.61266598,114.3019015,30.60735764,114.2999501,30.61025418
2dvlMR,2018-02-05T04:29:00,114.2396436,30.60954748,2018-02-05T04:31:11,114.2391377,30.61055958,123,1,114.2342149,30.61200201,114.2337084,30.61301351,114.2396436,30.60954748,114.2391377,30.61055958
26wqZG,2018-02-05T04:29:10,114.1935377,30.62215814,2018-02-05T04:31:16,114.1936342,30.61735852,534,1,114.1880161,30.62455579,114.1881133,30.61975831,114.1935377,30.62215814,114.1936342,30.61735852
05AO8L,2018-02-05T04:29:11,114.1927018,30.62369723,2018-02-05T04:31:21,114.198754,30.62442366,585,1,114.1871778,30.62609281,114.193246,30.62682903,114.1927018,30.62369723,114.198754,30.62442366
05DbVD,2018-02-05T04:29:11,114.1928798,30.62261521,2018-02-05T04:37:51,114.1944826,30.62250004,154,1,114.1873564,30.62501154,114.1889635,30.62489915,114.1928798,30.62261521,114.1944826,30.62250004
26ybm4,2018-02-05T04:29:13,114.1859957,30.62646149,2018-02-05T12:06:44,114.1969729,30.62722661,1054,1,114.180453,30.62884407,114.19146,30.62962791,114.1859957,30.62646149,114.1969729,30.62722661
2P5x2N,2018-02-05T04:29:18,114.4077926,30.63195422,2018-02-05T04:31:28,114.4057422,30.63213313,197,1,114.4022456,30.63421469,114.4001938,30.63439312,114.4077926,30.63195422,114.4057422,30.63213313
04ABmV,2018-02-05T04:29:19,114.2672786,30.63370127,2018-02-05T04:31:23,114.2816136,30.62656761,1584,1,114.2618615,30.63614184,114.2761913,30.62899823,114.2672786,30.63370127,114.2816136,30.62656761
2dvgq6,2018-02-05T04:29:50,114.4169777,30.48282794,2018-02-05T04:42:52,114.4160654,30.48134671,186,1,114.4114528,30.48514499,114.4105395,30.48366359,114.4169777,30.48282794,114.4160654,30.48134671
2o8xAZ,2018-02-05T04:30:31,114.2915256,30.55141112,2018-02-05T04:32:39,114.2901298,30.5498035,223,1,114.2861012,30.55385779,114.284707,30.55225268,114.2915256,30.55141112,114.2901298,30.5498035
0Bbdnl,2018-02-05T04:30:33,114.2014446,30.55495206,2018-02-05T16:32:13,114.2057623,30.55271262,7213666,1,114.1959494,30.55738832,114.2002779,30.55515616,114.2014446,30.55495206,114.2057623,30.55271262
0nvDKO,2018-02-05T04:30:45,114.2564412,30.57295964,2018-02-05T04:32:52,114.2565429,30.57109984,207,1,114.251028,30.57542926,114.2511299,30.57357011,114.2564412,30.57295964,114.2565429,30.57109984
3QOydE,2018-02-05T04:30:49,114.3667971,30.58100691,2018-02-05T04:32:57,114.3671921,30.57984097,135,1,114.3612627,30.5833125,114.3616574,30.58214647,114.3667971,30.58100691,114.3671921,30.57984097
2dDOqZ,2018-02-05T04:30:55,114.2569884,30.58938088,2018-02-05T04:33:05,114.2557247,30.59141214,256,1,114.251574,30.59184419,114.2503097,30.59387499,114.2569884,30.58938088,114.2557247,30.59141214
37RKAg,2018-02-05T04:30:58,114.3461381,30.5930453,2018-02-05T04:33:05,114.3473202,30.5912604,228,1,114.3406294,30.59537911,114.3418099,30.5935928,114.3461381,30.5930453,114.3473202,30.5912604
3GV6xL,2018-02-05T04:31:02,114.2679048,30.60058277,2018-02-05T04:33:12,114.2692165,30.60064352,126,1,114.2624904,30.60303647,114.2638019,30.60309627,114.2679048,30.60058277,114.2692165,30.60064352
3nZA6p,2018-02-05T04:31:02,114.2583228,30.60015729,2018-02-05T09:39:21,114.2581397,30.59699725,352,1,114.2529079,30.60261601,114.252725,30.59945727,114.2583228,30.60015729,114.2581397,30.59699725
0yxnM2,2018-02-05T04:31:05,114.2686677,30.60360963,2018-02-05T10:22:50,114.2658993,30.58382311,2216,1,114.263253,30.6060616,114.2604866,30.58628457,114.2686677,30.60360963,114.2658993,30.58382311
27GyxR,2018-02-05T04:31:09,114.2154031,30.60942595,2018-02-05T04:33:18,114.2164775,30.60940137,103,1,114.2099353,30.61186106,114.211012,30.61183776,114.2154031,30.60942595,114.2164775,30.60940137
05Ye67,2018-02-05T04:31:14,114.191352,30.61720335,2018-02-05T04:40:02,114.1940946,30.62353208,751,1,114.1858249,30.61959927,114.1885744,30.62593011,114.191352,30.61720335,114.1940946,30.62353208
05AO8L,2018-02-05T04:31:21,114.198754,30.62442366,2018-02-05T04:33:29,114.1932947,30.62310217,543,1,114.193246,30.62682903,114.1877724,30.62549901,114.198754,30.62442366,114.1932947,30.62310217
05ZlwD,2018-02-05T04:31:21,114.1927828,30.62263522,2018-02-05T04:33:28,114.1921379,30.62187528,105,1,114.1872592,30.62503138,114.1866126,30.62427064,114.1927828,30.62263522,114.1921379,30.62187528
3QYkXq,2018-02-05T04:31:21,114.1942666,30.62250806,2018-02-05T04:33:29,114.2025454,30.62558737,863,1,114.188747,30.6249068,114.1970468,30.62799821,114.1942666,30.62250806,114.2025454,30.62558737
3KdOXl,2018-02-05T04:31:30,114.252114,30.63756862,2018-02-05T04:33:38,114.252658,30.63673289,107,1,114.2466933,30.64001329,114.2472376,30.63917786,114.252114,30.63756862,114.252658,30.63673289
37eXJg,2018-02-05T04:31:40,114.2949405,30.66777478,2018-02-05T04:33:48,114.2985001,30.66385991,553,1,114.2895024,30.67016973,114.2930582,30.66625114,114.2949405,30.66777478,114.2985001,30.66385991
3nlY6p,2018-02-05T04:31:54,114.2804572,30.47785027,2018-02-05T04:34:02,114.2807383,30.47556112,256,1,114.2750484,30.48033375,114.2753295,30.47804491,114.2804572,30.47785027,114.2807383,30.47556112
0n425x,2018-02-05T04:32:10,114.3929456,30.50721333,2018-02-05T04:34:22,114.3888158,30.51098491,577,1,114.3874038,30.50952045,114.383274,30.5132929,114.3929456,30.50721333,114.3888158,30.51098491
3nlOEE,2018-02-05T04:32:10,114.4137505,30.50922907,2018-02-05T04:34:19,114.4165826,30.5085949,280,1,114.4082196,30.51153654,114.411055,30.51090418,114.4137505,30.50922907,114.4165826,30.5085949
0n4N0D,2018-02-05T04:32:13,114.2420254,30.51367172,2018-02-05T04:34:22,114.245116,30.51261538,319,1,114.2366075,30.51616119,114.2397011,30.51510589,114.2420254,30.51367172,114.245116,30.51261538
05ArLD,2018-02-05T04:32:19,114.2432817,30.52228153,2018-02-05T04:34:28,114.2424979,30.5233867,144,1,114.2378643,30.52476864,114.2370796,30.52587326,114.2432817,30.52228153,114.2424979,30.5233867
07e5p7,2018-02-05T04:32:26,114.2312036,30.53218089,2018-02-05T04:34:37,114.2286878,30.5335315,284,1,114.2257707,30.5346592,114.223251,30.53600754,114.2312036,30.53218089,114.2286878,30.5335315
27ePkR,2018-02-05T04:32:26,114.3082831,30.533636,2018-02-05T04:34:36,114.3070933,30.53187997,226,1,114.3028394,30.53606177,114.3016514,30.5343084,114.3082831,30.533636,114.3070933,30.53187997
37elXD,2018-02-05T04:32:29,114.1837813,30.53502221,2018-02-05T04:34:38,114.1881402,30.53594143,430,1,114.1782403,30.53743502,114.1826114,30.53836181,114.1837813,30.53502221,114.1881402,30.53594143
3QEqpq,2018-02-05T04:32:36,114.2410322,30.54769505,2018-02-05T04:34:46,114.2408783,30.54886009,130,1,114.2356104,30.55017313,114.2354562,30.55133772,114.2410322,30.54769505,114.2408783,30.54886009
07oezO,2018-02-05T04:32:41,114.3158158,30.55294442,2018-02-05T04:34:48,114.3193059,30.54908316,544,1,114.3103591,30.55535,114.3138441,30.55148355,114.3158158,30.55294442,114.3193059,30.54908316
0n4MlP,2018-02-05T04:32:41,114.3039359,30.55435152,2018-02-05T04:34:52,114.3005678,30.5554165,344,1,114.2984965,30.55677777,114.2951327,30.55784797,114.3039359,30.55435152,114.3005678,30.5554165
2KXDER,2018-02-05T04:32:41,114.242109,30.55263085,2018-02-05T04:34:28,114.2299729,30.52086721,3718,1,114.2366878,30.55510755,114.2245391,30.52334829,114.242109,30.55263085,114.2299729,30.52086721
37wevE,2018-02-05T04:32:44,114.3217425,30.55733439,2018-02-05T04:34:55,114.3259813,30.55888637,441,1,114.3162761,30.5597273,114.3205079,30.56127065,114.3217425,30.55733439,114.3259813,30.55888637
3nlYZM,2018-02-05T04:32:45,114.3344306,30.56045978,2018-02-05T04:34:55,114.3320271,30.5601987,232,1,114.3289432,30.56282736,114.3265437,30.56257095,114.3344306,30.56045978,114.3320271,30.5601987
37eKVq,2018-02-05T04:32:58,114.256274,30.58081816,2018-02-05T04:35:06,114.2540409,30.58007791,229,1,114.2508601,30.5832849,114.2486261,30.5825454,114.256274,30.58081816,114.2540409,30.58007791
26PrdN,2018-02-05T04:33:00,114.210725,30.58598779,2018-02-05T04:35:10,114.2085779,30.58677157,223,1,114.2052492,30.58842615,114.2030971,30.58920671,114.210725,30.58598779,114.2085779,30.58677157
37wMNE,2018-02-05T04:33:02,114.3309843,30.58766348,2018-02-05T04:35:13,114.3289864,30.58912124,251,1,114.3255002,30.5900276,114.3235054,30.59148863,114.3309843,30.58766348,114.3289864,30.58912124
3GNG3q,2018-02-05T04:33:02,114.2727338,30.58696284,2018-02-05T04:35:12,114.2725578,30.58577487,133,1,114.2673194,30.58941812,114.2671436,30.58823075,114.2727338,30.58696284,114.2725578,30.58577487
07e4LD,2018-02-05T04:33:03,114.2808699,30.59015065,2018-02-05T04:35:15,114.2837156,30.59227,360,1,114.2754512,30.59259671,114.2782947,30.59471195,114.2808699,30.59015065,114.2837156,30.59227
26lPOn,2018-02-05T04:33:04,114.3595849,30.58943267,2018-02-05T04:35:09,114.3619522,30.58392615,653,1,114.3540579,30.59174543,114.3564229,30.58623746,114.3595849,30.58943267,114.3619522,30.58392615
0n4NZ7,2018-02-05T04:33:05,114.2765159,30.59101164,2018-02-05T04:35:15,114.2870577,30.59152063,1011,1,114.2710996,30.59346192,114.2816341,30.59395869,114.2765159,30.59101164,114.2870577,30.59152063
26l67G,2018-02-05T04:33:05,114.3285372,30.59040044,2018-02-05T04:35:15,114.3259985,30.59056847,244,1,114.3230569,30.59276819,114.3205223,30.59294102,114.3285372,30.59040044,114.3259985,30.59056847
37elVE,2018-02-05T04:33:08,114.2436826,30.59443462,2018-02-05T04:35:17,114.2419263,30.59598083,240,1,114.2382593,30.59689634,114.2365012,30.5984415,114.2436826,30.59443462,114.2419263,30.59598083
37elpE,2018-02-05T04:33:09,114.2233073,30.59787701,2018-02-05T04:35:26,114.225398,30.60610923,937,1,114.2178559,30.60032522,114.2199495,30.60855611,114.2233073,30.59787701,114.225398,30.60610923
26l3NN,2018-02-05T04:33:12,114.2058972,30.60144692,2018-02-05T05:34:52,114.2035497,30.60938098,910,1,114.2004089,30.60387256,114.198055,30.61179999,114.2058972,30.60144692,114.2035497,30.60938098
07owg7,2018-02-05T04:33:17,114.2495978,30.60702558,2018-02-05T04:35:28,114.2505583,30.60917712,256,1,114.2441782,30.60948301,114.2451391,30.61163367,114.2495978,30.60702558,114.2505583,30.60917712
2KDpo4,2018-02-05T04:33:19,114.30037,30.61019686,2018-02-05T04:35:30,114.2980893,30.61222411,314,1,114.2949304,30.61260801,114.2926524,30.61463808,114.30037,30.61019686,114.2980893,30.61222411
05YyKD,2018-02-05T04:33:22,114.2688756,30.61358461,2018-02-05T04:35:32,114.2695135,30.61270149,116,1,114.26346,30.61603243,114.2640978,30.61514921,114.2688756,30.61358461,114.2695135,30.61270149
26wqZG,2018-02-05T04:33:25,114.1936342,30.61735852,2018-02-05T04:35:38,114.1932428,30.62185717,502,1,114.1881133,30.61975831,114.1877205,30.62425444,114.1936342,30.61735852,114.1932428,30.62185717
3n02K7,2018-02-05T04:33:28,114.1866301,30.62225857,2018-02-05T16:35:21,114.1975603,30.61780453,7210126,1,114.1810896,30.62464405,114.1920497,30.62021069,114.1866301,30.62225857,114.1975603,30.61780453
3QYkXq,2018-02-05T04:33:29,114.2025454,30.62558737,2018-02-05T04:35:39,114.1927218,30.62318323,977,1,114.1970468,30.62799821,114.1871979,30.62557906,114.2025454,30.62558737,114.1927218,30.62318323
2dXyl4,2018-02-05T04:33:33,114.2416051,30.62746811,2018-02-05T04:35:33,114.2295,30.61588952,1732,1,114.236177,30.62991595,114.2240573,30.61833579,114.2416051,30.62746811,114.2295,30.61588952
0n4MOL,2018-02-05T04:33:39,114.2724361,30.63939138,2018-02-05T04:35:51,114.2722589,30.64322904,427,1,114.2670173,30.64182566,114.2668399,30.64566181,114.2724361,30.63939138,114.2722589,30.64322904
27GrbZ,2018-02-05T04:33:43,114.2524124,30.64942288,2018-02-05T05:04:11,114.2369519,30.64246453,1669,1,114.2469908,30.65186239,114.2315172,30.64490418,114.2524124,30.64942288,114.2369519,30.64246453
27GBY6,2018-02-05T04:33:47,114.3247742,30.65895056,2018-02-05T04:35:56,114.3234311,30.65940751,138,1,114.319294,30.661297,114.3179531,30.66175631,114.3247742,30.65895056,114.3234311,30.65940751
3np2xL,2018-02-05T04:34:17,114.2840075,30.50719877,2018-02-05T04:36:26,114.2840555,30.50586376,149,1,114.2785937,30.50966969,114.2786418,30.50833502,114.2840075,30.50719877,114.2840555,30.50586376
2d27nv,2018-02-05T04:34:42,114.3119368,30.53957276,2018-02-05T04:36:52,114.3106389,30.54050885,162,1,114.3064872,30.54199002,114.3051912,30.54292814,114.3119368,30.53957276,114.3106389,30.54050885
26ZQgR,2018-02-05T04:34:47,114.3382176,30.54771016,2018-02-05T04:36:57,114.3299215,30.54719142,797,1,114.3327252,30.55007505,114.3244426,30.54957223,114.3382176,30.54771016,114.3299215,30.54719142
05keVV,2018-02-05T04:34:50,114.3437419,30.55244102,2018-02-05T16:36:39,114.3492055,30.5496697,7212827,1,114.3382404,30.55479406,114.343696,30.55201398,114.3437419,30.55244102,114.3492055,30.5496697
3n47aM,2018-02-05T04:35:01,114.2684551,30.57126515,2018-02-05T04:37:12,114.2695742,30.57150664,110,1,114.2630432,30.57372961,114.2641621,30.57397021,114.2684551,30.57126515,114.2695742,30.57150664
3QOydE,2018-02-05T04:35:07,114.3671921,30.57984097,2018-02-05T04:37:17,114.366613,30.58096388,137,1,114.3616574,30.58214647,114.3610788,30.58326974,114.3671921,30.57984097,114.366613,30.58096388
26DywG,2018-02-05T04:35:19,114.2352924,30.59794261,2018-02-05T04:37:35,114.2366499,30.6032404,603,1,114.2298595,30.60039976,114.2312183,30.60569616,114.2352924,30.59794261,114.2366499,30.6032404
3Qq0EL,2018-02-05T04:35:22,114.2807421,30.6026195,2018-02-05T04:37:35,114.2746704,30.60390553,598,1,114.2753224,30.60506084,114.2692539,30.60635251,114.2807421,30.6026195,114.2746704,30.60390553
3Ggxlm,2018-02-05T04:35:25,114.2788895,30.60549581,2018-02-05T04:37:36,114.2796064,30.60642269,124,1,114.2734707,30.60793801,114.2741871,30.60886376,114.2788895,30.60549581,114.2796064,30.60642269
3nJ2rq,2018-02-05T04:35:32,114.2836987,30.61340938,2018-02-05T04:37:41,114.2830472,30.61204671,164,1,114.278276,30.61584298,114.2776251,30.61448163,114.2836987,30.61340938,114.2830472,30.61204671
0nNLrO,2018-02-05T04:35:36,114.3974172,30.61600747,2018-02-05T04:37:40,114.4010572,30.61022497,731,1,114.3918665,30.61827445,114.3955082,30.6124938,114.3974172,30.61600747,114.4010572,30.61022497
0nReLP,2018-02-05T04:35:37,114.2838665,30.61980034,2018-02-05T04:37:48,114.2851518,30.62098059,180,1,114.2784431,30.62223112,114.2797273,30.62340931,114.2838665,30.61980034,114.2851518,30.62098059
2dD7xJ,2018-02-05T04:35:38,114.1926318,30.62145223,2018-02-05T04:37:49,114.1924549,30.62048325,109,1,114.1871079,30.62384862,114.1869306,30.62287973,114.1926318,30.62145223,114.1924549,30.62048325
05AO8L,2018-02-05T04:35:39,114.1932947,30.62310217,2018-02-05T04:37:51,114.1926898,30.62390823,107,1,114.1877724,30.62549901,114.1871658,30.6263037,114.1932947,30.62310217,114.1926898,30.62390823
26DG7Z,2018-02-05T04:35:39,114.186454,30.62292211,2018-02-05T04:37:46,114.1882621,30.6179073,584,1,114.1809129,30.62530699,114.1827265,30.62029749,114.186454,30.62292211,114.1882621,30.6179073
3p5pMg,2018-02-05T04:35:58,114.2969144,30.66440034,2018-02-05T04:38:10,114.2976463,30.66366025,108,1,114.2914743,30.66679381,114.2922054,30.66605291,114.2969144,30.66440034,114.2976463,30.66366025
2dMRG5,2018-02-05T04:36:44,114.2919862,30.53004668,2018-02-05T04:38:56,114.2912843,30.53096278,122,1,114.2865632,30.53249987,114.2858619,30.53341667,114.2919862,30.53004668,114.2912843,30.53096278
2dGK5Z,2018-02-05T04:37:28,114.2680808,30.59486972,2018-02-05T16:39:03,114.2731679,30.5918317,7210963,1,114.2626669,30.59732553,114.267753,30.59428474,114.2680808,30.59486972,114.2731679,30.5918317
2628xn,2018-02-05T04:37:32,114.3561845,30.60018926,2018-02-05T04:39:45,114.354646,30.60162581,217,1,114.3506609,30.60250318,114.3491243,30.60394166,114.3561845,30.60018926,114.354646,30.60162581
3nepPm,2018-02-05T04:37:43,114.2524,30.61381518,2018-02-05T04:39:52,114.2531557,30.61164255,252,1,114.2469815,30.61626973,114.2477378,30.61409788,114.2524,30.61381518,114.2531557,30.61164255
3nom0L,2018-02-05T04:37:43,114.3521368,30.61476958,2018-02-05T04:39:56,114.3548932,30.61617997,307,1,114.3466175,30.61708433,114.3493699,30.61848957,114.3521368,30.61476958,114.3548932,30.61617997
05ZlwD,2018-02-05T04:37:49,114.1921379,30.62187528,2018-02-05T04:50:54,114.1929968,30.6225722,113,1,114.1866126,30.62427064,114.1874737,30.62496875,114.1921379,30.62187528,114.1929968,30.6225722
3G4mrq,2018-02-05T04:37:57,114.4008972,30.63006727,2018-02-05T04:40:06,114.4028358,30.62774074,318,1,114.3953464,30.63232793,114.3972861,30.63000234,114.4008972,30.63006727,114.4028358,30.62774074
2KvNN5,2018-02-05T04:38:07,114.2750293,30.65406957,2018-02-05T04:40:18,114.2789045,30.65645291,456,1,114.2696083,30.65649516,114.2734813,30.65887361,114.2750293,30.65406957,114.2789045,30.65645291
3np2xL,2018-02-05T04:38:38,114.2840555,30.50586376,2018-02-05T04:40:50,114.2833877,30.50676587,119,1,114.2786418,30.50833502,114.2779744,30.50923766,114.2840555,30.50586376,114.2833877,30.50676587
0nKL4P,2018-02-05T04:39:07,114.1843937,30.54694076,2018-02-05T04:41:18,114.1849426,30.54611872,105,1,114.1788534,30.54935068,114.179404,30.54852992,114.1843937,30.54694076,114.1849426,30.54611872
3QPV4p,2018-02-05T04:39:08,114.3171455,30.54602252,2018-02-05T14:08:26,114.3225131,30.54382637,7213398,1,114.3116874,30.54842801,114.3170466,30.54622248,114.3171455,30.54602252,114.3225131,30.54382637
3QEqpq,2018-02-05T04:39:09,114.2408783,30.54886009,2018-02-05T04:41:19,114.2414201,30.54798398,110,1,114.2354562,30.55133772,114.2359986,30.55046208,114.2408783,30.54886009,114.2414201,30.54798398
26yMdG,2018-02-05T04:39:16,114.3196591,30.55682481,2018-02-05T16:40:47,114.3282835,30.55517483,7212918,1,114.3141961,30.55922184,114.3228066,30.55755601,114.3196591,30.55682481,114.3282835,30.55517483
04A53D,2018-02-05T04:39:20,114.3453494,30.56370247,2018-02-05T04:41:32,114.3438309,30.56529811,229,1,114.3398445,30.56604863,114.3383282,30.56764644,114.3453494,30.56370247,114.3438309,30.56529811
05dL3L,2018-02-05T04:39:20,114.3432539,30.56403801,2018-02-05T16:40:47,114.3487639,30.56174516,7212206,1,114.3377522,30.56638785,114.343254,30.56408597,114.3432539,30.56403801,114.3487639,30.56174516
05DKmP,2018-02-05T04:39:31,114.196809,30.5848613,2018-02-05T06:43:24,114.1779741,30.58490321,1803,1,114.1912994,30.58727922,114.1724122,30.58728756,114.196809,30.5848613,114.1779741,30.58490321
05BNyx,2018-02-05T04:39:33,114.1850726,30.58938251,2018-02-05T04:41:48,114.179674,30.59197115,592,1,114.1795305,30.59177827,114.1741163,30.59435598,114.1850726,30.58938251,114.179674,30.59197115
3QqALa,2018-02-05T04:39:33,114.3247973,30.58562243,2018-02-05T16:43:32,114.3305554,30.58366293,7211156,1,114.3193235,30.58799916,114.3250723,30.58602939,114.3247973,30.58562243,114.3305554,30.58366293
26ZZr5,2018-02-05T04:39:36,114.3591344,30.59008649,2018-02-05T04:41:47,114.3598226,30.58926024,113,1,114.3536079,30.59239969,114.3542954,30.5915727,114.3591344,30.59008649,114.3598226,30.58926024
26ZnD5,2018-02-05T04:39:39,114.1982696,30.59645942,2018-02-05T04:41:51,114.2055379,30.59710109,699,1,114.1927627,30.59887527,114.2000491,30.59952792,114.1982696,30.59645942,114.2055379,30.59710109
3QORdg,2018-02-05T04:39:39,114.1778792,30.59580924,2018-02-05T04:41:49,114.1779342,30.59480924,111,1,114.172316,30.59818923,114.1723713,30.59718972,114.1778792,30.59580924,114.1779342,30.59480924
3nX5pm,2018-02-05T04:39:42,114.3246638,30.59848569,2018-02-05T04:41:53,114.3244185,30.59717127,148,1,114.3191891,30.60085772,114.3189443,30.59954428,114.3246638,30.59848569,114.3244185,30.59717127
2dOgbZ,2018-02-05T04:39:44,114.1609414,30.60311956,2018-02-05T04:41:58,114.1551541,30.6042531,568,1,114.1553285,30.60546494,114.1495247,30.60658756,114.1609414,30.60311956,114.1551541,30.6042531
2P2qda,2018-02-05T04:39:58,114.1971897,30.62030916,2018-02-05T16:41:25,114.1971455,30.62236875,229,1,114.191678,30.62271369,114.1916335,30.62477235,114.1971897,30.62030916,114.1971455,30.62236875
2dD7xJ,2018-02-05T04:40:00,114.1924549,30.62048325,2018-02-05T04:44:18,114.194047,30.61776178,339,1,114.1869306,30.62287973,114.1885272,30.6201621,114.1924549,30.62048325,114.194047,30.61776178
05DbVD,2018-02-05T04:40:02,114.1944826,30.62250004,2018-02-05T04:48:41,114.1929548,30.6225752,146,1,114.1889635,30.62489915,114.1874316,30.62497168,114.1944826,30.62250004,114.1929548,30.6225752
3n5rxa,2018-02-05T04:40:11,114.3953759,30.63925257,2018-02-05T04:42:24,114.3949121,30.63780941,166,1,114.3898228,30.64151034,114.3893591,30.64006794,114.3953759,30.63925257,114.3949121,30.63780941
3nRLJD,2018-02-05T04:40:13,114.2395027,30.64351314,2018-02-05T13:47:59,114.2306106,30.63227283,1512,1,114.2340709,30.64595343,114.2251682,30.63471309,114.2395027,30.64351314,114.2306106,30.63227283
2dOGZ6,2018-02-05T04:40:50,114.2670172,30.51215684,2018-02-05T12:13:48,114.2477203,30.50644395,7214607,1,114.2616106,30.51464218,114.242308,30.50893666,114.2670172,30.51215684,114.2477203,30.50644395
0nPbYX,2018-02-05T04:40:59,114.4209439,30.51801326,2018-02-05T04:43:09,114.4205942,30.51648847,173,1,114.4154211,30.52032284,114.4150711,30.51879824,114.4209439,30.51801326,114.4205942,30.51648847
26wy0N,2018-02-05T04:41:05,114.2285702,30.5283015,2018-02-05T04:43:17,114.2268016,30.52787183,176,1,114.2231336,30.53077915,114.2213622,30.5303482,114.2285702,30.5283015,114.2268016,30.52787183
3n5rXq,2018-02-05T04:41:13,114.225081,30.53746689,2018-02-05T04:43:20,114.2221179,30.53316239,556,1,114.2196379,30.53993862,114.2166699,30.53563275,114.225081,30.53746689,114.2221179,30.53316239
3QJKoL,2018-02-05T04:41:21,114.3206774,30.54858242,2018-02-05T16:43:10,114.3257454,30.54590514,7213198,1,114.3152134,30.55098039,114.3202735,30.54829438,114.3206774,30.54858242,114.3257454,30.54590514
3QJEM7,2018-02-05T04:41:31,114.3432689,30.56400901,2018-02-05T16:43:19,114.3486947,30.56175804,7212206,1,114.3377671,30.56635883,114.3431849,30.56409897,114.3432689,30.56400901,114.3486947,30.56175804
26BQzN,2018-02-05T04:41:32,114.3042435,30.56522583,2018-02-05T04:43:39,114.3014658,30.56002534,636,1,114.2988027,30.56764771,114.2960291,30.56245372,114.3042435,30.56522583,114.3014658,30.56002534
0nrK72,2018-02-05T04:41:35,114.2422629,30.57122986,2018-02-05T04:43:46,114.2435376,30.5724586,183,1,114.2368403,30.57369997,114.2381161,30.57492858,114.2422629,30.57122986,114.2435376,30.5724586
3QOydE,2018-02-05T04:41:40,114.366613,30.58096388,2018-02-05T04:43:51,114.3671301,30.57996096,122,1,114.3610788,30.58326974,114.3615955,30.5822665,114.366613,30.58096388,114.3671301,30.57996096
2P2oNZ,2018-02-05T04:41:43,114.3311222,30.58234457,2018-02-05T04:43:55,114.3300115,30.58477574,290,1,114.3256383,30.58471044,114.3245292,30.58714282,114.3311222,30.58234457,114.3300115,30.58477574
2dOg8R,2018-02-05T04:41:45,114.2444114,30.58734945,2018-02-05T04:43:57,114.2425669,30.58996184,340,1,114.2389894,30.58981405,114.237143,30.59242501,114.2444114,30.58734945,114.2425669,30.58996184
26PBXv,2018-02-05T04:41:52,114.3301177,30.59478454,2018-02-05T04:44:04,114.3309679,30.59782427,348,1,114.3246344,30.59714758,114.3254829,30.6001845,114.3301177,30.59478454,114.3309679,30.59782427
05N80x,2018-02-05T04:41:55,114.2923911,30.59941177,2018-02-05T04:44:05,114.2934209,30.60041264,149,1,114.2869617,30.60183945,114.2879903,30.60283843,114.2923911,30.59941177,114.2934209,30.60041264
26LmV5,2018-02-05T04:42:04,114.2410205,30.61203171,2018-02-05T04:44:22,114.2281691,30.62195292,1652,1,114.2355931,30.61448572,114.2227238,30.62439568,114.2410205,30.61203171,114.2281691,30.62195292
2dXOOv,2018-02-05T04:42:06,114.2642897,30.61439849,2018-02-05T04:44:14,114.2653654,30.61307828,179,1,114.2588744,30.61684888,114.2599502,30.6155286,114.2642897,30.61439849,114.2653654,30.61307828
3naZGl,2018-02-05T04:42:07,114.2477401,30.61618142,2018-02-05T04:44:16,114.2437285,30.61410432,448,1,114.2423184,30.61863508,114.2383036,30.61655824,114.2477401,30.61618142,114.2437285,30.61410432
3npAAm,2018-02-05T04:42:07,114.1616214,30.6148044,2018-02-05T05:01:39,114.1619894,30.61375941,121,1,114.1560094,30.61714634,114.1563786,30.61610246,114.1616214,30.6148044,114.1619894,30.61375941
0yQY5r,2018-02-05T04:42:14,114.2739385,30.6234947,2018-02-05T13:02:36,114.279359,30.62105927,7209357,1,114.2685206,30.62593439,114.2739386,30.62349466,114.2739385,30.6234947,114.279359,30.62105927
0nO82O,2018-02-05T04:42:50,114.4273681,30.47947239,2018-02-05T04:44:55,114.4164367,30.4701555,1473,1,114.4218588,30.48179958,114.4109122,30.47247565,114.4273681,30.47947239,114.4164367,30.4701555
3Q2PRa,2018-02-05T04:43:06,114.3896502,30.51117635,2018-02-05T04:45:15,114.384972,30.51205031,459,1,114.3841083,30.51348381,114.3794311,30.51436046,114.3896502,30.51117635,114.384972,30.51205031
3n6A8m,2018-02-05T04:43:28,114.4501136,30.54882928,2018-02-05T16:45:21,114.4407899,30.55986641,1518,1,114.4446499,30.55117127,114.4353013,30.56218714,114.4501136,30.54882928,114.4407899,30.55986641
0nbklV,2018-02-05T04:43:30,114.3438941,30.54568922,2018-02-05T04:45:40,114.3385896,30.54708568,531,1,114.338393,30.54804431,114.3330967,30.54945008,114.3438941,30.54568922,114.3385896,30.54708568
3GD8vl,2018-02-05T04:43:53,114.345176,30.58107819,2018-02-05T04:46:11,114.3401937,30.59556086,1680,1,114.3396698,30.58341829,114.334694,30.59790454,114.345176,30.58107819,114.3401937,30.59556086
3nkDXq,2018-02-05T04:44:18,114.188267,30.61789701,2018-02-05T04:46:28,114.1883027,30.61941636,169,1,114.1827314,30.62028721,114.1827671,30.621806,114.188267,30.61789701,114.1883027,30.61941636
0n36eX,2018-02-05T04:44:21,114.1848681,30.6233343,2018-02-05T04:46:31,114.1865428,30.62276552,172,1,114.1793225,30.62571614,114.181002,30.62515063,114.1848681,30.6233343,114.1865428,30.62276552
05Ye67,2018-02-05T04:44:23,114.1940946,30.62353208,2018-02-05T04:46:31,114.1935297,30.62260014,117,1,114.1885744,30.62593011,114.1880081,30.62499759,114.1940946,30.62353208,114.1935297,30.62260014
05YGd2,2018-02-05T04:44:23,114.1933867,30.62244216,2018-02-05T04:46:30,114.1923279,30.62211526,108,1,114.1878647,30.62483943,114.1868031,30.62451085,114.1933867,30.62244216,114.1923279,30.62211526
0n3GOL,2018-02-05T04:44:23,114.4046713,30.62181964,2018-02-05T04:46:29,114.4020547,30.62050007,290,1,114.3991231,30.62408381,114.3965052,30.62276467,114.4046713,30.62181964,114.4020547,30.62050007
3np2xL,2018-02-05T04:45:11,114.2833877,30.50676587,2018-02-05T04:47:20,114.2836806,30.50801383,142,1,114.2779744,30.50923766,114.278267,30.5104849,114.2833877,30.50676587,114.2836806,30.50801383
3pamkE,2018-02-05T04:45:15,114.3184955,30.5118674,2018-02-05T09:02:13,114.3146047,30.52464159,1469,1,114.3130382,30.51428144,114.3091524,30.52705887,114.3184955,30.5118674,114.3146047,30.52464159
26265Z,2018-02-05T04:45:24,114.3588626,30.52461104,2018-02-05T04:47:30,114.3624565,30.52242856,421,1,114.3533422,30.52694773,114.356932,30.52476054,114.3588626,30.52461104,114.3624565,30.52242856
0rV0M7,2018-02-05T04:45:31,114.250423,30.5352251,2018-02-05T13:40:59,114.2512388,30.53972994,507,1,114.2450101,30.53770876,114.245826,30.54221207,114.250423,30.5352251,114.2512388,30.53972994
2KGXpn,2018-02-05T04:45:35,114.2374711,30.54262677,2018-02-05T04:47:52,114.2187454,30.55257837,2107,1,114.2320457,30.54510518,114.2132893,30.55503864,114.2374711,30.54262677,114.2187454,30.55257837
04E3PX,2018-02-05T04:45:43,114.2312957,30.55375792,2018-02-05T04:47:53,114.2331971,30.55537374,256,1,114.2258611,30.556229,114.2277651,30.55784548,114.2312957,30.55375792,114.2331971,30.55537374
3QPmmM,2018-02-05T04:46:02,114.2893856,30.58287115,2018-02-05T04:48:11,114.2908653,30.58301194,143,1,114.2839606,30.58530941,114.2854389,30.5854481,114.2893856,30.58287115,114.2908653,30.58301194
05DpvD,2018-02-05T04:46:05,114.3631374,30.58929334,2018-02-05T04:48:14,114.3635465,30.5883934,107,1,114.3576062,30.59160088,114.358015,30.5907007,114.3631374,30.58929334,114.3635465,30.5883934
2dnr8a,2018-02-05T04:46:05,114.3595438,30.58850481,2018-02-05T04:48:14,114.3609941,30.58842502,139,1,114.354017,30.59081799,114.3554655,30.59073604,114.3595438,30.58850481,114.3609941,30.58842502
05YykL,2018-02-05T04:46:18,114.2414731,30.6065741,2018-02-05T04:48:35,114.238019,30.61540582,1036,1,114.2360466,30.60903045,114.232588,30.61785732,114.2414731,30.6065741,114.238019,30.61540582
05ddZL,2018-02-05T04:46:20,114.3419188,30.606616,2018-02-05T04:48:29,114.3439859,30.60844715,284,1,114.3364154,30.60895213,114.3384792,30.61077877,114.3419188,30.606616,114.3439859,30.60844715
0B6zzx,2018-02-05T04:46:20,114.3361885,30.54177455,2018-02-05T04:58:38,114.2848884,30.60625885,8691,1,114.3306999,30.54414527,114.2794654,30.60869388,114.3361885,30.54177455,114.2848884,30.60625885
3GDqED,2018-02-05T04:46:22,114.2805592,30.60837154,2018-02-05T04:48:30,114.2795224,30.60912971,130,1,114.2751391,30.61081079,114.2741029,30.61156978,114.2805592,30.60837154,114.2795224,30.60912971
0yexJx,2018-02-05T04:46:24,114.2942668,30.61502257,2018-02-05T04:48:32,114.2945878,30.61375052,145,1,114.288834,30.61744126,114.2891548,30.61616925,114.2942668,30.61502257,114.2945878,30.61375052
2dD7xJ,2018-02-05T04:46:27,114.194047,30.61776178,2018-02-05T04:48:41,114.1937877,30.62344712,633,1,114.1885272,30.6201621,114.1882667,30.62584466,114.194047,30.61776178,114.1937877,30.62344712
26wqZG,2018-02-05T04:46:30,114.1932228,30.62185017,2018-02-05T04:48:41,114.1937377,30.62281312,118,1,114.1877004,30.62424741,114.1882166,30.62521084,114.1932228,30.62185017,114.1937377,30.62281312
0n3GwX,2018-02-05T04:46:42,114.4066737,30.63956191,2018-02-05T22:33:23,114.4122328,30.63732118,7207550,1,114.4011253,30.64181889,114.4066892,30.63958088,114.4066737,30.63956191,114.4122328,30.63732118
3nzLeD,2018-02-05T04:47:09,114.415376,30.48045679,2018-02-05T16:49:52,114.4230914,30.47794534,7216398,1,114.4098494,30.4827735,114.4175753,30.48026857,114.415376,30.48045679,114.4230914,30.47794534
3Q2PRa,2018-02-05T04:47:23,114.384972,30.51205031,2018-02-05T04:49:34,114.3869575,30.51149974,200,1,114.3794311,30.51436046,114.381416,30.5138087,114.384972,30.51205031,114.3869575,30.51149974
3nDNLg,2018-02-05T04:47:47,114.3293823,30.54595395,2018-02-05T04:49:59,114.330845,30.54646243,151,1,114.3239044,30.54833621,114.3253647,30.54884172,114.3293823,30.54595395,114.330845,30.54646243
2wx8vG,2018-02-05T04:48:01,114.271658,30.568014,2018-02-05T04:50:13,114.2706812,30.56754118,107,1,114.2662456,30.57047722,114.2652691,30.57000535,114.271658,30.568014,114.2706812,30.56754118
2dvRg5,2018-02-05T04:48:04,114.2692385,30.57343946,2018-02-05T04:50:16,114.2676159,30.57276176,173,1,114.2638263,30.57590256,114.262204,30.57522625,114.2692385,30.57343946,114.2676159,30.57276176
2deya5,2018-02-05T04:48:06,114.2597357,30.57742731,2018-02-05T16:50:46,114.2625245,30.57615762,7211991,1,114.2543231,30.57989422,114.2571124,30.5786238,114.2597357,30.57742731,114.2625245,30.57615762
0EoOvr,2018-02-05T04:48:16,114.2581721,30.59074065,2018-02-05T04:50:27,114.2588589,30.58965951,137,1,114.2527579,30.59320308,114.253445,30.59212212,114.2581721,30.59074065,114.2588589,30.58965951
3QeJXE,2018-02-05T04:48:18,114.2856092,30.59478472,2018-02-05T07:04:40,114.2830537,30.59277911,331,1,114.2801866,30.59722337,114.2776332,30.59522165,114.2856092,30.59478472,114.2830537,30.59277911
3n8Azp,2018-02-05T04:48:35,114.2008637,30.61638127,2018-02-05T04:50:49,114.2008637,30.61779628,157,1,114.1953617,30.61879331,114.1953616,30.62020774,114.2008637,30.61638127,114.2008637,30.61779628
04ArMl,2018-02-05T04:49:22,114.3238767,30.4866655,2018-02-05T04:51:35,114.3095057,30.49069721,1448,1,114.3184129,30.48907678,114.3040639,30.49313402,114.3238767,30.4866655,114.3095057,30.49069721
26LYLG,2018-02-05T04:49:28,114.4176224,30.50342532,2018-02-05T04:51:41,114.4174562,30.50203073,156,1,114.4120965,30.50573685,114.4119302,30.50434256,114.4176224,30.50342532,114.4174562,30.50203073
3np2xL,2018-02-05T04:49:31,114.2836806,30.50801383,2018-02-05T04:51:42,114.2836126,30.50652683,165,1,114.278267,30.5104849,114.2781991,30.50899843,114.2836806,30.50801383,114.2836126,30.50652683
3n6vLl,2018-02-05T04:49:53,114.3226001,30.53689714,2018-02-05T04:52:06,114.3208953,30.53740917,173,1,114.3171341,30.53929541,114.315432,30.53981051,114.3226001,30.53689714,114.3208953,30.53740917
0nKL4P,2018-02-05T04:49:58,114.1852656,30.5459177,2018-02-05T04:52:10,114.1848056,30.54696073,124,1,114.1797279,30.54832956,114.1792665,30.54937139,114.1852656,30.5459177,114.1848056,30.54696073
26pODZ,2018-02-05T04:50:03,114.1983845,30.55359081,2018-02-05T04:52:21,114.2028695,30.56088479,918,1,114.1928817,30.55602268,114.1973773,30.56332115,114.1983845,30.55359081,114.2028695,30.56088479
2K0JbG,2018-02-05T04:50:20,114.2571803,30.57911782,2018-02-05T16:54:43,114.2557927,30.5795321,141,1,114.2517668,30.58158496,114.2503787,30.58199944,114.2571803,30.57911782,114.2557927,30.5795321
3QE04p,2018-02-05T04:50:46,114.2375981,30.6140684,2018-02-05T04:52:57,114.2311426,30.61362119,620,1,114.2321667,30.61652026,114.2257026,30.61606955,114.2375981,30.6140684,114.2311426,30.61362119
2dXv5n,2018-02-05T04:50:48,114.360834,30.61635805,2018-02-05T04:52:57,114.3599409,30.61491092,182,1,114.3553032,30.61865826,114.3544113,30.61721307,114.360834,30.61635805,114.3599409,30.61491092
26qAYZ,2018-02-05T04:50:51,114.1882878,30.61946021,2018-02-05T16:55:06,114.1937936,30.61552736,7210098,1,114.1827521,30.62184981,114.1882733,30.61792817,114.1882878,30.61946021,114.1937936,30.61552736
05YGd2,2018-02-05T04:50:52,114.1923279,30.62211526,2018-02-05T04:57:24,114.1931698,30.62275218,107,1,114.1868031,30.62451085,114.1876472,30.62514895,114.1923279,30.62211526,114.1931698,30.62275218
0ne4KV,2018-02-05T04:50:52,114.2055979,30.61963752,2018-02-05T04:53:01,114.2082024,30.62020095,257,1,114.2001073,30.6220554,114.2027179,30.62262232,114.2055979,30.61963752,114.2082024,30.62020095
2de7Aa,2018-02-05T04:50:53,114.2640147,30.62061455,2018-02-05T04:53:03,114.263008,30.62118475,115,1,114.2585988,30.62306255,114.2575921,30.62363304,114.2640147,30.62061455,114.263008,30.62118475
2dD7xJ,2018-02-05T04:50:54,114.1937877,30.62344712,2018-02-05T04:53:00,114.194047,30.61776178,633,1,114.1882667,30.62584466,114.1885272,30.6201621,114.1937877,30.62344712,114.194047,30.61776178
26zoJN,2018-02-05T04:51:32,114.4150798,30.4807238,2018-02-05T04:53:41,114.4213358,30.48017536,603,1,114.4095529,30.48304027,114.4158169,30.48249642,114.4150798,30.4807238,114.4213358,30.48017536
3Q2PRa,2018-02-05T04:51:47,114.3869575,30.51149974,2018-02-05T04:53:58,114.3904524,30.51272554,361,1,114.381416,30.5138087,114.3849102,30.51503211,114.3869575,30.51149974,114.3904524,30.51272554
26Mbma,2018-02-05T04:51:57,114.3634054,30.52473956,2018-02-05T04:54:07,114.3678483,30.52590234,445,1,114.3578796,30.52706943,114.3623177,30.52822575,114.3634054,30.52473956,114.3678483,30.52590234
3G0MXm,2018-02-05T04:52:16,114.3031467,30.55219747,2018-02-05T04:54:25,114.3026127,30.55318952,122,1,114.2977085,30.5546258,114.2971751,30.5556184,114.3031467,30.55219747,114.3026127,30.55318952
3Qe85a,2018-02-05T04:52:16,114.3404077,30.55318879,2018-02-05T04:54:26,114.3393626,30.55352573,107,1,114.3349114,30.5555477,114.3338679,30.55588647,114.3404077,30.55318879,114.3393626,30.55352573
3Gz5DL,2018-02-05T04:52:23,114.3432689,30.56397701,2018-02-05T04:54:32,114.3410257,30.56415985,216,1,114.3377671,30.56632684,114.3355274,30.56651373,114.3432689,30.56397701,114.3410257,30.56415985
05O70L,2018-02-05T04:52:32,114.2623211,30.5799008,2018-02-05T04:54:41,114.2632979,30.5784106,190,1,114.2569086,30.58236568,114.2578857,30.58087555,114.2623211,30.5799008,114.2632979,30.5784106
258O8R,2018-02-05T04:52:35,114.3340214,30.58406455,2018-02-05T04:54:44,114.3354104,30.5840566,133,1,114.3285326,30.58642425,114.3299194,30.58641367,114.3340214,30.58406455,114.3354104,30.5840566
26Lzq6,2018-02-05T04:52:36,114.3410762,30.58483392,2018-02-05T04:54:44,114.3383587,30.58315249,320,1,114.3355761,30.58718008,114.332863,30.58550435,114.3410762,30.58483392,114.3383587,30.58315249
05DpvD,2018-02-05T04:52:38,114.3635465,30.5883934,2018-02-05T04:54:48,114.3636645,30.58945342,118,1,114.358015,30.5907007,114.3581327,30.59176014,114.3635465,30.5883934,114.3636645,30.58945342
26YQn5,2018-02-05T04:52:40,114.3196718,30.59215749,2018-02-05T04:54:48,114.3185301,30.59076614,189,1,114.3142057,30.59454146,114.3130659,30.59315279,114.3196718,30.59215749,114.3185301,30.59076614
3Gwnqq,2018-02-05T04:52:47,114.2059228,30.60109955,2018-02-05T16:54:59,114.2112836,30.5986083,7211069,1,114.2004346,30.60352537,114.2058079,30.60104252,114.2059228,30.60109955,114.2112836,30.5986083
2KzarJ,2018-02-05T04:52:55,114.2708192,30.61231825,2018-02-05T04:55:03,114.2725888,30.61055192,259,1,114.2654032,30.61476513,114.2671725,30.61299808,114.2708192,30.61231825,114.2725888,30.61055192
05YykL,2018-02-05T04:52:58,114.238019,30.61540582,2018-02-05T04:54:59,114.2416931,30.60615205,1087,1,114.232588,30.61785732,114.2362669,30.60860864,114.238019,30.61540582,114.2416931,30.60615205
2dD7xJ,2018-02-05T04:53:00,114.194047,30.61776178,2018-02-05T04:55:12,114.1928318,30.62172021,455,1,114.1885272,30.6201621,114.1873084,30.62411683,114.194047,30.61776178,114.1928318,30.62172021
05JexP,2018-02-05T04:53:53,114.3854972,30.50741541,2018-02-05T04:56:03,114.3844059,30.50689017,120,1,114.3799565,30.5097266,114.3788656,30.50920231,114.3854972,30.50741541,114.3844059,30.50689017
2dxY4G,2018-02-05T04:53:56,114.2145272,30.512502,2018-02-05T04:56:07,114.2139473,30.5138511,160,1,114.209066,30.51497051,114.2084847,30.51631848,114.2145272,30.512502,114.2139473,30.5138511
0ydEMl,2018-02-05T04:54:05,114.3189684,30.52399441,2018-02-05T04:56:28,114.3160696,30.54100655,1912,1,114.3135093,30.52640376,114.3106136,30.54341574,114.3189684,30.52399441,114.3160696,30.54100655
26vGG4,2018-02-05T04:54:07,114.2220337,30.52925789,2018-02-05T04:56:21,114.2254267,30.53450633,668,1,114.2165859,30.53172944,114.2199844,30.53697935,114.2220337,30.52925789,114.2254267,30.53450633
3QAOEa,2018-02-05T04:54:07,114.2144122,30.52875806,2018-02-05T04:56:15,114.2143213,30.52744007,147,1,114.2089493,30.53122129,114.2088584,30.52990362,114.2144122,30.52875806,114.2143213,30.52744007
05VOnx,2018-02-05T04:54:18,114.1667184,30.54475433,2018-02-05T04:56:28,114.1674284,30.54373333,132,1,114.1611273,30.54713194,114.1618395,30.54611262,114.1667184,30.54475433,114.1674284,30.54373333
26E5M5,2018-02-05T04:54:20,114.2458348,30.54527186,2018-02-05T04:56:29,114.2458118,30.54431789,106,1,114.2404177,30.54775189,114.2403947,30.54679824,114.2458348,30.54527186,114.2458118,30.54431789
3nDDMg,2018-02-05T04:54:31,114.3446959,30.56162468,2018-02-05T04:56:42,114.3454264,30.56296071,164,1,114.3391921,30.56397276,114.3399214,30.565307,114.3446959,30.56162468,114.3454264,30.56296071
2P2A3G,2018-02-05T04:54:32,114.3422032,30.56379338,2018-02-05T04:56:44,114.3438715,30.56553715,251,1,114.3367031,30.56614523,114.3383687,30.56788532,114.3422032,30.56379338,114.3438715,30.56553715
25Qopv,2018-02-05T04:54:36,114.3506776,30.57236269,2018-02-05T04:56:46,114.3593538,30.57087175,847,1,114.345164,30.57469634,114.3538287,30.57319182,114.3506776,30.57236269,114.3593538,30.57087175
3Q5Nga,2018-02-05T04:54:37,114.2655784,30.57368415,2018-02-05T04:56:48,114.2646176,30.57312934,111,1,114.2601666,30.57614959,114.2592058,30.57559554,114.2655784,30.57368415,114.2646176,30.57312934
2P26nv,2018-02-05T04:54:39,114.1814089,30.57852165,2018-02-05T04:56:50,114.1852621,30.57803439,373,1,114.1758574,30.5809148,114.1797216,30.58043478,114.1814089,30.57852165,114.1852621,30.57803439
26yYon,2018-02-05T04:54:45,114.3273364,30.58466855,2018-02-05T04:56:57,114.3332407,30.58779789,664,1,114.3218585,30.58704079,114.3277529,30.59015766,114.3273364,30.58466855,114.3332407,30.58779789
0yevp2,2018-02-05T04:55:09,114.2617492,30.61657099,2018-02-05T04:57:18,114.2625351,30.61587883,108,1,114.2563335,30.61902178,114.2571196,30.61832953,114.2617492,30.61657099,114.2625351,30.61587883
05DbVD,2018-02-05T04:55:13,114.1930278,30.62263819,2018-02-05T04:57:23,114.2022737,30.6204374,918,1,114.1875048,30.62503477,114.1967749,30.62284996,114.1930278,30.62263819,114.2022737,30.6204374
3ngzBD,2018-02-05T04:55:15,114.1922587,30.62647937,2018-02-05T04:57:26,114.1939034,30.62649325,157,1,114.1867333,30.62887303,114.1883824,30.62888972,114.1922587,30.62647937,114.1939034,30.62649325
26ybvN,2018-02-05T04:55:33,114.2980389,30.66535477,2018-02-05T04:57:44,114.2964567,30.66896137,429,1,114.2925974,30.66774605,114.2910168,30.67135348,114.2980389,30.66535477,114.2964567,30.66896137
04BkkP,2018-02-05T04:55:46,114.2967451,30.47336346,2018-02-05T04:57:56,114.2879528,30.46902083,971,1,114.2913217,30.47582642,114.282539,30.47149758,114.2967451,30.47336346,114.2879528,30.46902083
3GzB4g,2018-02-05T04:55:49,114.414398,30.47617929,2018-02-05T16:55:49,114.4199184,30.47394365,7216577,1,114.4088707,30.47849663,114.4143981,30.47626525,114.414398,30.47617929,114.4199184,30.47394365
3QOp2E,2018-02-05T04:55:51,114.4160124,30.4802727,2018-02-05T04:58:02,114.4152392,30.48098751,109,1,114.4104866,30.48258984,114.4097124,30.483304,114.4160124,30.4802727,114.4152392,30.48098751
3np2xL,2018-02-05T04:56:02,114.2836126,30.50652683,2018-02-05T04:58:15,114.2829087,30.51011895,405,1,114.2781991,30.50899843,114.2774955,30.51259029,114.2836126,30.50652683,114.2829087,30.51011895
04ArRD,2018-02-05T04:56:09,114.4201442,30.51623277,2018-02-05T04:58:21,114.4208958,30.51742068,150,1,114.4146205,30.51854225,114.415373,30.5197304,114.4201442,30.51623277,114.4208958,30.51742068
26JMx5,2018-02-05T04:56:09,114.4204636,30.5155294,2018-02-05T04:58:20,114.4239188,30.51662161,353,1,114.4149404,30.51783936,114.4184006,30.5189343,114.4204636,30.5155294,114.4239188,30.51662161
0nZ2OO,2018-02-05T04:56:14,114.2907063,30.52435379,2018-02-05T04:58:22,114.2919721,30.5200988,488,1,114.2852851,30.52681063,114.28655,30.5225552,114.2907063,30.52435379,114.2919721,30.5200988
25A8mG,2018-02-05T04:56:48,114.3113169,30.57287487,2018-02-05T04:58:57,114.3112029,30.57177988,122,1,114.3058654,30.57528156,114.3057516,30.57418718,114.3113169,30.57287487,114.3112029,30.57177988
27Z6LR,2018-02-05T04:56:51,114.2476306,30.57901677,2018-02-05T04:59:02,114.2486374,30.57961557,117,1,114.242212,30.58148495,114.2432195,30.58208359,114.2476306,30.57901677,114.2486374,30.57961557
05DpvD,2018-02-05T04:56:59,114.3636645,30.58945342,2018-02-05T04:59:08,114.3634075,30.58811038,151,1,114.3581327,30.59176014,114.3578761,30.59041798,114.3636645,30.58945342,114.3634075,30.58811038
3nM6rm,2018-02-05T04:57:00,114.2943045,30.59188301,2018-02-05T04:59:12,114.2926439,30.59265358,181,1,114.2888737,30.59431082,114.2872148,30.59508353,114.2943045,30.59188301,114.2926439,30.59265358
0BGZmO,2018-02-05T04:57:01,114.2607175,30.59448515,2018-02-05T04:59:12,114.2601506,30.59269326,207,1,114.2553036,30.59694519,114.2547367,30.59515422,114.2607175,30.59448515,114.2601506,30.59269326
0nPAN7,2018-02-05T04:57:18,114.1938795,30.61630528,2018-02-05T04:59:29,114.1830333,30.6171857,1043,1,114.1883594,30.61870592,114.177483,30.61956672,114.1938795,30.61630528,114.1830333,30.6171857
05DbVD,2018-02-05T04:57:23,114.2022737,30.6204374,2018-02-05T04:59:35,114.1928518,30.62255221,932,1,114.1967749,30.62284996,114.1873283,30.62494852,114.2022737,30.6204374,114.1928518,30.62255221
2dD7xJ,2018-02-05T04:57:23,114.1928318,30.62172021,2018-02-05T04:59:35,114.1933577,30.62250316,101,1,114.1873084,30.62411683,114.1878356,30.62490036,114.1928318,30.62172021,114.1933577,30.62250316
3QYJ5M,2018-02-05T04:57:28,114.3046345,30.62865848,2018-02-05T04:59:39,114.3051104,30.62782944,103,1,114.2991877,30.63105494,114.299663,30.63022543,114.3046345,30.62865848,114.3051104,30.62782944
3GeeLD,2018-02-05T04:57:35,114.246212,30.6422822,2018-02-05T17:09:42,114.2412916,30.64541919,7208355,1,114.2407868,30.64472474,114.2358616,30.64785928,114.246212,30.6422822,114.2412916,30.64541919
26wXoN,2018-02-05T04:57:44,114.3278862,30.66686557,2018-02-05T05:06:32,114.3289332,30.66895059,253,1,114.3224003,30.6692025,114.3234454,30.67128457,114.3278862,30.66686557,114.3289332,30.66895059
26GNZ4,2018-02-05T04:58:01,114.415376,30.48045679,2018-02-05T17:05:53,114.421112,30.48040905,7216435,1,114.4098494,30.4827735,114.4155928,30.48272986,114.415376,30.48045679,114.421112,30.48040905
3G0lQD,2018-02-05T04:58:05,114.3325113,30.4872223,2018-02-05T05:00:15,114.3323813,30.4862253,112,1,114.3270334,30.48961691,114.3269037,30.48862044,114.3325113,30.4872223,114.3323813,30.4862253
3Q2PRa,2018-02-05T04:58:18,114.3904524,30.51272554,2018-02-05T05:00:28,114.388848,30.51117817,231,1,114.3849102,30.51503211,114.3833062,30.51348608,114.3904524,30.51272554,114.388848,30.51117817
3nyaPL,2018-02-05T04:58:22,114.3331086,30.51989785,2018-02-05T05:00:29,114.34924,30.51570948,1614,1,114.3276269,30.52228155,114.3437334,30.51806484,114.3331086,30.51989785,114.34924,30.51570948
3nYwPl,2018-02-05T04:58:30,114.1929771,30.53298467,2018-02-05T05:00:39,114.2228851,30.52860192,2906,1,114.1874618,30.53541449,114.2174389,30.53107452,114.1929771,30.53298467,114.2228851,30.52860192
05D6yO,2018-02-05T04:58:32,114.2209629,30.53419593,2018-02-05T05:00:42,114.2207399,30.53274297,163,1,114.2155127,30.53666478,114.2152894,30.53521207,114.2209629,30.53419593,114.2207399,30.53274297
0nRRaL,2018-02-05T04:58:32,114.1939355,30.53472984,2018-02-05T05:00:42,114.1943309,30.53244816,257,1,114.1884226,30.53716073,114.1888193,30.53488047,114.1939355,30.53472984,114.1943309,30.53244816
2d3OYR,2018-02-05T04:58:47,114.3213043,30.55536242,2018-02-05T05:00:59,114.3208864,30.55628343,110,1,114.3158388,30.55775685,114.3154214,30.55867833,114.3213043,30.55536242,114.3208864,30.55628343
05VrDL,2018-02-05T04:58:49,114.2985082,30.55805395,2018-02-05T05:01:02,114.2981343,30.559656,182,1,114.2930754,30.5604878,114.2927018,30.56208987,114.2985082,30.55805395,114.2981343,30.559656
2KXZla,2018-02-05T04:58:57,114.2470288,30.57102088,2018-02-05T17:02:24,114.246296,30.56973903,159,1,114.2416104,30.57349196,114.2408772,30.5722105,114.2470288,30.57102088,114.246296,30.56973903
3nxMBE,2018-02-05T04:59:01,114.2288795,30.57858117,2018-02-05T05:01:12,114.237024,30.57775341,785,1,114.2234391,30.58104154,114.231595,30.58021914,114.2288795,30.57858117,114.237024,30.57775341
0yakZP,2018-02-05T04:59:02,114.2576002,30.57911774,2018-02-05T05:00:30,114.3949906,30.5139656,15020,1,114.2521869,30.58158475,114.3894484,30.51626991,114.2576002,30.57911774,114.3949906,30.5139656
2dOgAa,2018-02-05T04:59:02,114.3191834,30.57958352,2018-02-05T05:12:30,114.3180495,30.58004056,120,1,114.3137191,30.58197319,114.312587,30.58243219,114.3191834,30.57958352,114.3180495,30.58004056
3G4PDE,2018-02-05T04:59:15,114.2678668,30.59672077,2018-02-05T17:02:43,114.273206,30.59320726,7210849,1,114.2624528,30.59917601,114.2677909,30.59565974,114.2678668,30.59672077,114.273206,30.59320726
26gMk4,2018-02-05T04:59:21,114.2812705,30.60559029,2018-02-05T05:01:35,114.2810698,30.6065564,109,1,114.2758502,30.60802986,114.2756495,30.60899581,114.2812705,30.60559029,114.2810698,30.6065564
3QNqVE,2018-02-05T04:59:21,114.2480195,30.60576275,2018-02-05T23:33:51,114.2533228,30.60328007,7210521,1,114.2425989,30.60822063,114.2479057,30.60573873,114.2480195,30.60576275,114.2533228,30.60328007
0B6zZx,2018-02-05T04:59:23,114.2848884,30.60625885,2018-02-05T05:00:50,114.3361885,30.54177455,8691,1,114.2794654,30.60869388,114.3306999,30.54414527,114.2848884,30.60625885,114.3361885,30.54177455
05ZlwD,2018-02-05T04:59:34,114.1924299,30.62211825,2018-02-05T05:06:10,114.1937967,30.62205011,131,1,114.1869053,30.62451402,114.1882758,30.62444824,114.1924299,30.62211825,114.1937967,30.62205011
